Workbook

Sheet 2026
A1: Auftrags-ID | B1: Auftragsname | C1: Auftraggeber | D1: Abteilung | E1: Auftragstyp | F1: Sprache | G1: Wörter | H1: Stunden | I1: Dringend | J1: Kanal | K1: ID | L1: Eingang | M1: Lieferdatum | N1: Durchlaufzeit | O1: Deadline | P1: Eingehalten? | Q1: Translator | R1: Korrektur | S1: Verantwörtlich | T1: Status | U1: Ablageort | V1: Bemerkungen
B2: Übersetzung Januar newsletter NL.docx | C2: Pse | D2: =IF(_xlfn.XLOOKUP(C2, ABZ!A:A, ABZ!B:B, "", 0) = 0, "", _xlfn.XLOOKUP(C2, ABZ!A:A, ABZ!B:B, "", 0)) -> VTR-CS-SER-PartnerCommunication | E2: Übersetzung | F2: NL | G2: 68 | I2: =IF(AND(O2<>"",L2<>""),IF((O2-L2)<=2,1,0),0) -> 0 | L2: 46027 | M2: 46031 | N2: =IF(M2<>"",M2-L2,TODAY()-L2) -> 4 | O2: 46035 | P2: =IF(M2="","⏳ Offen",IF(M2<=O2,"✅ Ja","❌ Nein")) -> ✅ Ja | Q2: ADU | S2: MSI | T2: geliefert | U2: Z:\Produkte\FRITZ!com\deutsch\2026.01
B3: IT-Standalone-NL-2026.docx | C3: Jwg | D3: =IF(_xlfn.XLOOKUP(C3, ABZ!A:A, ABZ!B:B, "", 0) = 0, "", _xlfn.XLOOKUP(C3, ABZ!A:A, ABZ!B:B, "", 0)) -> VTR-CS-SER-PartnerCommunication | E3: Übersetzung | F3: IT | I3: =IF(AND(O3<>"",L3<>""),IF((O3-L3)<=2,1,0),0) -> 0 | L3: 46027 | M3: 46034 | N3: =IF(M3<>"",M3-L3,TODAY()-L3) -> 7 | O3: 46034 | P3: =IF(M3="","⏳ Offen",IF(M3<=O3,"✅ Ja","❌ Nein")) -> ✅ Ja | Q3: Cristina | R3: LBO | S3: MSI | T3: geliefert | U3: Z:\Produkte\FRITZ!com\deutsch\2026.01
B4: Information zu Speicherkrise 18122025.docx | C4: Dha | D4: =IF(_xlfn.XLOOKUP(C4, ABZ!A:A, ABZ!B:B, "", 0) = 0, "", _xlfn.XLOOKUP(C4, ABZ!A:A, ABZ!B:B, "", 0)) -> ENT-PM-International | E4: Übersetzung | F4: EN | I4: =IF(AND(O4<>"",L4<>""),IF((O4-L4)<=2,1,0),0) -> 1 | L4: 46027 | M4: 46028 | N4: =IF(M4<>"",M4-L4,TODAY()-L4) -> 1 | O4: 46028 | P4: =IF(M4="","⏳ Offen",IF(M4<=O4,"✅ Ja","❌ Nein")) -> ✅ Ja | Q4: JKI | S4: MSI | T4: geliefert | U4: Z:\Produkte\FRITZ!com\deutsch\2026.01
B5: Information zu Speicherkrise 18122025.docx | C5: Dha | D5: =IF(_xlfn.XLOOKUP(C5, ABZ!A:A, ABZ!B:B, "", 0) = 0, "", _xlfn.XLOOKUP(C5, ABZ!A:A, ABZ!B:B, "", 0)) -> ENT-PM-International | E5: Übersetzung | F5: IT | I5: =IF(AND(O5<>"",L5<>""),IF((O5-L5)<=2,1,0),0) -> 1 | L5: 46027 | M5: 46029 | N5: =IF(M5<>"",M5-L5,TODAY()-L5) -> 2 | O5: 46028 | P5: =IF(M5="","⏳ Offen",IF(M5<=O5,"✅ Ja","❌ Nein")) -> ❌ Nein | Q5: Cristin | R5: LBO | S5: MSI | T5: geliefert | U5: Z:\Produkte\FRITZ!com\deutsch\2026.01
B6: Information zu Speicherkrise 18122025.docx | C6: Dha | D6: =IF(_xlfn.XLOOKUP(C6, ABZ!A:A, ABZ!B:B, "", 0) = 0, "", _xlfn.XLOOKUP(C6, ABZ!A:A, ABZ!B:B, "", 0)) -> ENT-PM-International | E6: Übersetzung | F6: NL | I6: =IF(AND(O6<>"",L6<>""),IF((O6-L6)<=2,1,0),0) -> 1 | L6: 46027 | M6: 46029 | N6: =IF(M6<>"",M6-L6,TODAY()-L6) -> 2 | O6: 46028 | P6: =IF(M6="","⏳ Offen",IF(M6<=O6,"✅ Ja","❌ Nein")) -> ❌ Nein | Q6: Marion | R6: ADU | S6: MSI | T6: geliefert | U6: Z:\Produkte\FRITZ!com\deutsch\2026.01
B7: 2026-01-06T14-01-35_PM-History-Texts.xml | C7: TJa | D7: =IF(_xlfn.XLOOKUP(C7, ABZ!A:A, ABZ!B:B, "", 0) = 0, "", _xlfn.XLOOKUP(C7, ABZ!A:A, ABZ!B:B, "", 0)) -> ENT-PM-F-OS | E7: Lektorat | F7: DE | H7: 2 | I7: =IF(AND(O7<>"",L7<>""),IF((O7-L7)<=2,1,0),0) -> 1 | L7: 46027 | M7: 46027 | N7: =IF(M7<>"",M7-L7,TODAY()-L7) -> 0 | O7: 46027 | P7: =IF(M7="","⏳ Offen",IF(M7<=O7,"✅ Ja","❌ Nein")) -> ✅ Ja | Q7: FSC | S7: FSC | T7: geliefert | U7: Z:\Produkte\F!Box allgemein\Info.txt\Release\25_Smart24-P2\2026.01
B8: 2026-01-06T14-40-23_PM-History-Texts_korr-de.xml | C8: TJa | D8: =IF(_xlfn.XLOOKUP(C8, ABZ!A:A, ABZ!B:B, "", 0) = 0, "", _xlfn.XLOOKUP(C8, ABZ!A:A, ABZ!B:B, "", 0)) -> ENT-PM-F-OS | E8: Übersetzung | F8: EN | I8: =IF(AND(O8<>"",L8<>""),IF((O8-L8)<=2,1,0),0) -> 1 | L8: 46027 | M8: 46027 | N8: =IF(M8<>"",M8-L8,TODAY()-L8) -> 0 | O8: 46027 | P8: =IF(M8="","⏳ Offen",IF(M8<=O8,"✅ Ja","❌ Nein")) -> ✅ Ja | Q8: JKI | S8: FSC | T8: geliefert | U8: Z:\Produkte\F!Box allgemein\Info.txt\Release\25_Smart24-P2\2026.01
B9: Newsletter-IT-01-26.docx | C9: Jwg | D9: =IF(_xlfn.XLOOKUP(C9, ABZ!A:A, ABZ!B:B, "", 0) = 0, "", _xlfn.XLOOKUP(C9, ABZ!A:A, ABZ!B:B, "", 0)) -> VTR-CS-SER-PartnerCommunication | E9: Übersetzung | F9: IT | I9: =IF(AND(O9<>"",L9<>""),IF((O9-L9)<=2,1,0),0) -> 0 | L9: 46028 | M9: 46038 | N9: =IF(M9<>"",M9-L9,TODAY()-L9) -> 10 | O9: 46037 | P9: =IF(M9="","⏳ Offen",IF(M9<=O9,"✅ Ja","❌ Nein")) -> ❌ Nein | Q9: Cristin | R9: LBO | S9: HME | T9: geliefert | U9: Z:\Produkte\FRITZ!com\deutsch\2026.01
B10: Newsletter-ES-01-26.docx | C10: Jwg | D10: =IF(_xlfn.XLOOKUP(C10, ABZ!A:A, ABZ!B:B, "", 0) = 0, "", _xlfn.XLOOKUP(C10, ABZ!A:A, ABZ!B:B, "", 0)) -> VTR-CS-SER-PartnerCommunication | E10: Übersetzung | F10: ES | G10: 125 | I10: =IF(AND(O10<>"",L10<>""),IF((O10-L10)<=2,1,0),0) -> 0 | L10: 46028 | M10: 46038 | N10: =IF(M10<>"",M10-L10,TODAY()-L10) -> 10 | O10: 46037 | P10: =IF(M10="","⏳ Offen",IF(M10<=O10,"✅ Ja","❌ Nein")) -> ❌ Nein | Q10: AMZ | R10: HME | S10: HME | T10: geliefert | U10: Z:\Produkte\FRITZ!com\deutsch\2026.01
B11: METAFIELDS | C11: Csa | D11: =IF(_xlfn.XLOOKUP(C11, ABZ!A:A, ABZ!B:B, "", 0) = 0, "", _xlfn.XLOOKUP(C11, ABZ!A:A, ABZ!B:B, "", 0)) -> D2C-MarketingContent | E11: Übersetzung | F11: EN | I11: =IF(AND(O11<>"",L11<>""),IF((O11-L11)<=2,1,0),0) -> 0 | L11: 46028 | M11: 46030 | N11: =IF(M11<>"",M11-L11,TODAY()-L11) -> 2 | O11: 46034 | P11: =IF(M11="","⏳ Offen",IF(M11<=O11,"✅ Ja","❌ Nein")) -> ✅ Ja | Q11: JKI | S11: LBO | T11: geliefert | U11: Z:\Produkte\FRITZ!com\deutsch\2026.01\KW2
B12: METAFIELDS | C12: Csa | D12: =IF(_xlfn.XLOOKUP(C12, ABZ!A:A, ABZ!B:B, "", 0) = 0, "", _xlfn.XLOOKUP(C12, ABZ!A:A, ABZ!B:B, "", 0)) -> D2C-MarketingContent | E12: Übersetzung | F12: ES | I12: =IF(AND(O12<>"",L12<>""),IF((O12-L12)<=2,1,0),0) -> 0 | L12: 46028 | M12: 46029 | N12: =IF(M12<>"",M12-L12,TODAY()-L12) -> 1 | O12: 46034 | P12: =IF(M12="","⏳ Offen",IF(M12<=O12,"✅ Ja","❌ Nein")) -> ✅ Ja | Q12: HME | S12: LBO | T12: geliefert | U12: Z:\Produkte\FRITZ!com\deutsch\2026.01\KW2
B13: METAFIELDS | C13: Csa | D13: =IF(_xlfn.XLOOKUP(C13, ABZ!A:A, ABZ!B:B, "", 0) = 0, "", _xlfn.XLOOKUP(C13, ABZ!A:A, ABZ!B:B, "", 0)) -> D2C-MarketingContent | E13: Übersetzung | F13: FR | I13: =IF(AND(O13<>"",L13<>""),IF((O13-L13)<=2,1,0),0) -> 0 | L13: 46028 | M13: 46030 | N13: =IF(M13<>"",M13-L13,TODAY()-L13) -> 2 | O13: 46034 | P13: =IF(M13="","⏳ Offen",IF(M13<=O13,"✅ Ja","❌ Nein")) -> ✅ Ja | Q13: MSI | S13: LBO | T13: geliefert | U13: Z:\Produkte\FRITZ!com\deutsch\2026.01\KW2
B14: METAFIELDS | C14: Csa | D14: =IF(_xlfn.XLOOKUP(C14, ABZ!A:A, ABZ!B:B, "", 0) = 0, "", _xlfn.XLOOKUP(C14, ABZ!A:A, ABZ!B:B, "", 0)) -> D2C-MarketingContent | E14: Übersetzung | F14: IT | I14: =IF(AND(O14<>"",L14<>""),IF((O14-L14)<=2,1,0),0) -> 0 | L14: 46028 | M14: 46030 | N14: =IF(M14<>"",M14-L14,TODAY()-L14) -> 2 | O14: 46034 | P14: =IF(M14="","⏳ Offen",IF(M14<=O14,"✅ Ja","❌ Nein")) -> ✅ Ja | Q14: LBO | S14: LBO | T14: geliefert | U14: Z:\Produkte\FRITZ!com\deutsch\2026.01\KW2
B15: METAFIELDS | C15: Csa | D15: =IF(_xlfn.XLOOKUP(C15, ABZ!A:A, ABZ!B:B, "", 0) = 0, "", _xlfn.XLOOKUP(C15, ABZ!A:A, ABZ!B:B, "", 0)) -> D2C-MarketingContent | E15: Übersetzung | F15: NL | I15: =IF(AND(O15<>"",L15<>""),IF((O15-L15)<=2,1,0),0) -> 0 | L15: 46028 | M15: 46030 | N15: =IF(M15<>"",M15-L15,TODAY()-L15) -> 2 | O15: 46034 | P15: =IF(M15="","⏳ Offen",IF(M15<=O15,"✅ Ja","❌ Nein")) -> ✅ Ja | Q15: ADU | S15: LBO | T15: geliefert | U15: Z:\Produkte\FRITZ!com\deutsch\2026.01\KW2
B16: Data Act FRITZ!Smart-int-de.docx | C16: LLe | D16: =IF(_xlfn.XLOOKUP(C16, ABZ!A:A, ABZ!B:B, "", 0) = 0, "", _xlfn.XLOOKUP(C16, ABZ!A:A, ABZ!B:B, "", 0)) -> SUP-TCO-KnowledgeManagement | E16: Übersetzung | F16: DA | I16: =IF(AND(O16<>"",L16<>""),IF((O16-L16)<=2,1,0),0) -> 0 | J16: E-Mail | L16: 46029 | M16: 46036 | N16: =IF(M16<>"",M16-L16,TODAY()-L16) -> 7 | O16: 46052 | P16: =IF(M16="","⏳ Offen",IF(M16<=O16,"✅ Ja","❌ Nein")) -> ✅ Ja | Q16: Yabylon | S16: FSC | T16: geliefert | U16: Z:\Produkte\Einleger und juristische Texte\Data Act\FRITZ!Smart\2026.01
B17: Data Act FRITZ!Smart-int-de.docx | C17: LLe | D17: =IF(_xlfn.XLOOKUP(C17, ABZ!A:A, ABZ!B:B, "", 0) = 0, "", _xlfn.XLOOKUP(C17, ABZ!A:A, ABZ!B:B, "", 0)) -> SUP-TCO-KnowledgeManagement | E17: Übersetzung | F17: EN | I17: =IF(AND(O17<>"",L17<>""),IF((O17-L17)<=2,1,0),0) -> 0 | J17: E-Mail | L17: 46029 | M17: 46036 | N17: =IF(M17<>"",M17-L17,TODAY()-L17) -> 7 | O17: 46052 | P17: =IF(M17="","⏳ Offen",IF(M17<=O17,"✅ Ja","❌ Nein")) -> ✅ Ja | Q17: JKI | S17: FSC | T17: geliefert | U17: Z:\Produkte\Einleger und juristische Texte\Data Act\FRITZ!Smart\2026.01
B18: Data Act FRITZ!Smart-int-de.docx | C18: LLe | D18: =IF(_xlfn.XLOOKUP(C18, ABZ!A:A, ABZ!B:B, "", 0) = 0, "", _xlfn.XLOOKUP(C18, ABZ!A:A, ABZ!B:B, "", 0)) -> SUP-TCO-KnowledgeManagement | E18: Übersetzung | F18: ES | I18: =IF(AND(O18<>"",L18<>""),IF((O18-L18)<=2,1,0),0) -> 0 | J18: E-Mail | L18: 46029 | M18: 46036 | N18: =IF(M18<>"",M18-L18,TODAY()-L18) -> 7 | O18: 46052 | P18: =IF(M18="","⏳ Offen",IF(M18<=O18,"✅ Ja","❌ Nein")) -> ✅ Ja | Q18: AMZ | R18: HME | S18: FSC | T18: geliefert | U18: Z:\Produkte\Einleger und juristische Texte\Data Act\FRITZ!Smart\2026.01
B19: Data Act FRITZ!Smart-int-de.docx | C19: LLe | D19: =IF(_xlfn.XLOOKUP(C19, ABZ!A:A, ABZ!B:B, "", 0) = 0, "", _xlfn.XLOOKUP(C19, ABZ!A:A, ABZ!B:B, "", 0)) -> SUP-TCO-KnowledgeManagement | E19: Übersetzung | F19: FI | I19: =IF(AND(O19<>"",L19<>""),IF((O19-L19)<=2,1,0),0) -> 0 | J19: E-Mail | L19: 46029 | M19: 46036 | N19: =IF(M19<>"",M19-L19,TODAY()-L19) -> 7 | O19: 46052 | P19: =IF(M19="","⏳ Offen",IF(M19<=O19,"✅ Ja","❌ Nein")) -> ✅ Ja | Q19: Yabylon | S19: FSC | T19: geliefert | U19: Z:\Produkte\Einleger und juristische Texte\Data Act\FRITZ!Smart\2026.01
B20: Data Act FRITZ!Smart-int-de.docx | C20: LLe | D20: =IF(_xlfn.XLOOKUP(C20, ABZ!A:A, ABZ!B:B, "", 0) = 0, "", _xlfn.XLOOKUP(C20, ABZ!A:A, ABZ!B:B, "", 0)) -> SUP-TCO-KnowledgeManagement | E20: Übersetzung | F20: FR | I20: =IF(AND(O20<>"",L20<>""),IF((O20-L20)<=2,1,0),0) -> 0 | J20: E-Mail | L20: 46029 | M20: 46036 | N20: =IF(M20<>"",M20-L20,TODAY()-L20) -> 7 | O20: 46052 | P20: =IF(M20="","⏳ Offen",IF(M20<=O20,"✅ Ja","❌ Nein")) -> ✅ Ja | Q20: MSZ | S20: FSC | T20: geliefert | U20: Z:\Produkte\Einleger und juristische Texte\Data Act\FRITZ!Smart\2026.01
B21: Data Act FRITZ!Smart-int-de.docx | C21: LLe | D21: =IF(_xlfn.XLOOKUP(C21, ABZ!A:A, ABZ!B:B, "", 0) = 0, "", _xlfn.XLOOKUP(C21, ABZ!A:A, ABZ!B:B, "", 0)) -> SUP-TCO-KnowledgeManagement | E21: Übersetzung | F21: IT | I21: =IF(AND(O21<>"",L21<>""),IF((O21-L21)<=2,1,0),0) -> 0 | J21: E-Mail | L21: 46029 | M21: 46043 | N21: =IF(M21<>"",M21-L21,TODAY()-L21) -> 14 | O21: 46045 | P21: =IF(M21="","⏳ Offen",IF(M21<=O21,"✅ Ja","❌ Nein")) -> ✅ Ja | Q21: Cristin | R21: LBO | S21: FSC | T21: geliefert | U21: Z:\Produkte\Einleger und juristische Texte\Data Act\FRITZ!Smart\2026.01
B22: Data Act FRITZ!Smart-int-de.docx | C22: LLe | D22: =IF(_xlfn.XLOOKUP(C22, ABZ!A:A, ABZ!B:B, "", 0) = 0, "", _xlfn.XLOOKUP(C22, ABZ!A:A, ABZ!B:B, "", 0)) -> SUP-TCO-KnowledgeManagement | E22: Übersetzung | F22: NL | I22: =IF(AND(O22<>"",L22<>""),IF((O22-L22)<=2,1,0),0) -> 0 | J22: E-Mail | L22: 46029 | M22: 46038 | N22: =IF(M22<>"",M22-L22,TODAY()-L22) -> 9 | O22: 46045 | P22: =IF(M22="","⏳ Offen",IF(M22<=O22,"✅ Ja","❌ Nein")) -> ✅ Ja | Q22: ADU | S22: FSC | T22: geliefert | U22: Z:\Produkte\Einleger und juristische Texte\Data Act\FRITZ!Smart\2026.01
B23: Data Act FRITZ!Smart-int-de.docx | C23: LLe | D23: =IF(_xlfn.XLOOKUP(C23, ABZ!A:A, ABZ!B:B, "", 0) = 0, "", _xlfn.XLOOKUP(C23, ABZ!A:A, ABZ!B:B, "", 0)) -> SUP-TCO-KnowledgeManagement | E23: Übersetzung | F23: NO | I23: =IF(AND(O23<>"",L23<>""),IF((O23-L23)<=2,1,0),0) -> 0 | J23: E-Mail | L23: 46029 | M23: 46036 | N23: =IF(M23<>"",M23-L23,TODAY()-L23) -> 7 | O23: 46052 | P23: =IF(M23="","⏳ Offen",IF(M23<=O23,"✅ Ja","❌ Nein")) -> ✅ Ja | Q23: Yabylon | S23: FSC | T23: geliefert | U23: Z:\Produkte\Einleger und juristische Texte\Data Act\FRITZ!Smart\2026.01
B24: Data Act FRITZ!Smart-int-de.docx | C24: LLe | D24: =IF(_xlfn.XLOOKUP(C24, ABZ!A:A, ABZ!B:B, "", 0) = 0, "", _xlfn.XLOOKUP(C24, ABZ!A:A, ABZ!B:B, "", 0)) -> SUP-TCO-KnowledgeManagement | E24: Übersetzung | F24: PL | I24: =IF(AND(O24<>"",L24<>""),IF((O24-L24)<=2,1,0),0) -> 0 | J24: E-Mail | L24: 46029 | M24: 46036 | N24: =IF(M24<>"",M24-L24,TODAY()-L24) -> 7 | O24: 46052 | P24: =IF(M24="","⏳ Offen",IF(M24<=O24,"✅ Ja","❌ Nein")) -> ✅ Ja | Q24: Yabylon | S24: FSC | T24: geliefert | U24: Z:\Produkte\Einleger und juristische Texte\Data Act\FRITZ!Smart\2026.01
B25: Data Act FRITZ!Smart-int-de.docx | C25: LLe | D25: =IF(_xlfn.XLOOKUP(C25, ABZ!A:A, ABZ!B:B, "", 0) = 0, "", _xlfn.XLOOKUP(C25, ABZ!A:A, ABZ!B:B, "", 0)) -> SUP-TCO-KnowledgeManagement | E25: Übersetzung | F25: SV | I25: =IF(AND(O25<>"",L25<>""),IF((O25-L25)<=2,1,0),0) -> 0 | J25: E-Mail | L25: 46029 | M25: 46036 | N25: =IF(M25<>"",M25-L25,TODAY()-L25) -> 7 | O25: 46052 | P25: =IF(M25="","⏳ Offen",IF(M25<=O25,"✅ Ja","❌ Nein")) -> ✅ Ja | Q25: Yabylon | S25: FSC | T25: geliefert | U25: Z:\Produkte\Einleger und juristische Texte\Data Act\FRITZ!Smart\2026.01
B26: Data Act FRITZ!Smart-int-de.docx | C26: LLe | D26: =IF(_xlfn.XLOOKUP(C26, ABZ!A:A, ABZ!B:B, "", 0) = 0, "", _xlfn.XLOOKUP(C26, ABZ!A:A, ABZ!B:B, "", 0)) -> SUP-TCO-KnowledgeManagement | E26: Übersetzung | F26: SL | I26: =IF(AND(O26<>"",L26<>""),IF((O26-L26)<=2,1,0),0) -> 0 | J26: E-Mail | L26: 46029 | M26: 46036 | N26: =IF(M26<>"",M26-L26,TODAY()-L26) -> 7 | O26: 46052 | P26: =IF(M26="","⏳ Offen",IF(M26<=O26,"✅ Ja","❌ Nein")) -> ✅ Ja | Q26: Yabylon | S26: FSC | T26: geliefert | U26: Z:\Produkte\Einleger und juristische Texte\Data Act\FRITZ!Smart\2026.01
B27: Übersetzung Newsletter Solden-de.docx | C27: Atc | D27: =IF(_xlfn.XLOOKUP(C27, ABZ!A:A, ABZ!B:B, "", 0) = 0, "", _xlfn.XLOOKUP(C27, ABZ!A:A, ABZ!B:B, "", 0)) -> D2C-MarketingContent | E27: Übersetzung | F27: NL | I27: =IF(AND(O27<>"",L27<>""),IF((O27-L27)<=2,1,0),0) -> 1 | L27: 46029 | M27: 46034 | N27: =IF(M27<>"",M27-L27,TODAY()-L27) -> 5 | O27: 46031 | P27: =IF(M27="","⏳ Offen",IF(M27<=O27,"✅ Ja","❌ Nein")) -> ❌ Nein | Q27: ADU | S27: HME | T27: geliefert | U27: Z:\Produkte\FRITZ!com\deutsch\2026.01
B28: Übersetzung Abbinder Newsletter D2C_de.docx | C28: Atc | D28: =IF(_xlfn.XLOOKUP(C28, ABZ!A:A, ABZ!B:B, "", 0) = 0, "", _xlfn.XLOOKUP(C28, ABZ!A:A, ABZ!B:B, "", 0)) -> D2C-MarketingContent | E28: Übersetzung | F28: EN | I28: =IF(AND(O28<>"",L28<>""),IF((O28-L28)<=2,1,0),0) -> 0 | L28: 46029 | M28: 46036 | N28: =IF(M28<>"",M28-L28,TODAY()-L28) -> 7 | O28: 46036 | P28: =IF(M28="","⏳ Offen",IF(M28<=O28,"✅ Ja","❌ Nein")) -> ✅ Ja | Q28: JKI | S28: HME | T28: geliefert | U28: Z:\Produkte\FRITZ!com\deutsch\2026.01
B29: Übersetzung Abbinder Newsletter D2C_de.docx | C29: Atc | D29: =IF(_xlfn.XLOOKUP(C29, ABZ!A:A, ABZ!B:B, "", 0) = 0, "", _xlfn.XLOOKUP(C29, ABZ!A:A, ABZ!B:B, "", 0)) -> D2C-MarketingContent | E29: Übersetzung | F29: NL | I29: =IF(AND(O29<>"",L29<>""),IF((O29-L29)<=2,1,0),0) -> 0 | L29: 46029 | M29: 46036 | N29: =IF(M29<>"",M29-L29,TODAY()-L29) -> 7 | O29: 46036 | P29: =IF(M29="","⏳ Offen",IF(M29<=O29,"✅ Ja","❌ Nein")) -> ✅ Ja | Q29: ADU | S29: HME | T29: geliefert | U29: Z:\Produkte\FRITZ!com\deutsch\2026.01
B30: Übersetzung Abbinder Newsletter D2C_de.docx | C30: Atc | D30: =IF(_xlfn.XLOOKUP(C30, ABZ!A:A, ABZ!B:B, "", 0) = 0, "", _xlfn.XLOOKUP(C30, ABZ!A:A, ABZ!B:B, "", 0)) -> D2C-MarketingContent | E30: Übersetzung | F30: IT | I30: =IF(AND(O30<>"",L30<>""),IF((O30-L30)<=2,1,0),0) -> 0 | L30: 46029 | M30: 46036 | N30: =IF(M30<>"",M30-L30,TODAY()-L30) -> 7 | O30: 46036 | P30: =IF(M30="","⏳ Offen",IF(M30<=O30,"✅ Ja","❌ Nein")) -> ✅ Ja | Q30: LBO | S30: HME | T30: geliefert | U30: Z:\Produkte\FRITZ!com\deutsch\2026.01
B31: Übersetzung Abbinder Newsletter D2C_de.docx | C31: Atc | D31: =IF(_xlfn.XLOOKUP(C31, ABZ!A:A, ABZ!B:B, "", 0) = 0, "", _xlfn.XLOOKUP(C31, ABZ!A:A, ABZ!B:B, "", 0)) -> D2C-MarketingContent | E31: Übersetzung | F31: ES | I31: =IF(AND(O31<>"",L31<>""),IF((O31-L31)<=2,1,0),0) -> 0 | L31: 46029 | M31: 46036 | N31: =IF(M31<>"",M31-L31,TODAY()-L31) -> 7 | O31: 46036 | P31: =IF(M31="","⏳ Offen",IF(M31<=O31,"✅ Ja","❌ Nein")) -> ✅ Ja | Q31: AMZ | S31: HME | T31: geliefert | U31: Z:\Produkte\FRITZ!com\deutsch\2026.01
B32: Frohes neues Jahr 2026.docx | C32: Pse | D32: =IF(_xlfn.XLOOKUP(C32, ABZ!A:A, ABZ!B:B, "", 0) = 0, "", _xlfn.XLOOKUP(C32, ABZ!A:A, ABZ!B:B, "", 0)) -> VTR-CS-SER-PartnerCommunication | E32: Übersetzung | F32: NL | I32: =IF(AND(O32<>"",L32<>""),IF((O32-L32)<=2,1,0),0) -> 1 | L32: 46030 | M32: 46030 | N32: =IF(M32<>"",M32-L32,TODAY()-L32) -> 0 | O32: 46030 | P32: =IF(M32="","⏳ Offen",IF(M32<=O32,"✅ Ja","❌ Nein")) -> ✅ Ja | Q32: ADU | S32: MSI | T32: geliefert | U32: Z:\Produkte\FRITZ!com\deutsch\2026.01
B33: MyFapp_20260107-de.xml | C33: KSu | D33: =IF(_xlfn.XLOOKUP(C33, ABZ!A:A, ABZ!B:B, "", 0) = 0, "", _xlfn.XLOOKUP(C33, ABZ!A:A, ABZ!B:B, "", 0)) -> ENT-UIC-Android | E33: Übersetzung | F33: NL | G33: 256 | I33: =IF(AND(O33<>"",L33<>""),IF((O33-L33)<=2,1,0),0) -> 1 | J33: jazz | K33: 153535 | L33: 46029 | M33: 46030 | N33: =IF(M33<>"",M33-L33,TODAY()-L33) -> 1 | O33: 46030 | P33: =IF(M33="","⏳ Offen",IF(M33<=O33,"✅ Ja","❌ Nein")) -> ✅ Ja | Q33: CMI | R33: FSC | S33: FSC | T33: geliefert | U33: Z:\Produkte\F!Apps\FappMyF\GUI\Android\deutsch\2026.01
B34: MyFapp_20260107-de.xml | C34: KSu | D34: =IF(_xlfn.XLOOKUP(C34, ABZ!A:A, ABZ!B:B, "", 0) = 0, "", _xlfn.XLOOKUP(C34, ABZ!A:A, ABZ!B:B, "", 0)) -> ENT-UIC-Android | E34: Übersetzung | F34: EN | G34: 256 | I34: =IF(AND(O34<>"",L34<>""),IF((O34-L34)<=2,1,0),0) -> 0 | J34: jazz | K34: 153535 | L34: 46029 | M34: 46034 | N34: =IF(M34<>"",M34-L34,TODAY()-L34) -> 5 | O34: 46034 | P34: =IF(M34="","⏳ Offen",IF(M34<=O34,"✅ Ja","❌ Nein")) -> ✅ Ja | Q34: JKI | S34: FSC | T34: geliefert | U34: Z:\Produkte\F!Apps\FappMyF\GUI\Android\deutsch\2026.01
B35: MyFapp_20260107-de.xml | C35: KSu | D35: =IF(_xlfn.XLOOKUP(C35, ABZ!A:A, ABZ!B:B, "", 0) = 0, "", _xlfn.XLOOKUP(C35, ABZ!A:A, ABZ!B:B, "", 0)) -> ENT-UIC-Android | E35: Übersetzung | F35: NL | G35: 256 | I35: =IF(AND(O35<>"",L35<>""),IF((O35-L35)<=2,1,0),0) -> 0 | J35: jazz | K35: 153535 | L35: 46029 | M35: 46034 | N35: =IF(M35<>"",M35-L35,TODAY()-L35) -> 5 | O35: 46034 | P35: =IF(M35="","⏳ Offen",IF(M35<=O35,"✅ Ja","❌ Nein")) -> ✅ Ja | Q35: HME | S35: FSC | T35: geliefert | U35: Z:\Produkte\F!Apps\FappMyF\GUI\Android\deutsch\2026.01
B36: MyFapp_20260107-de.xml | C36: KSu | D36: =IF(_xlfn.XLOOKUP(C36, ABZ!A:A, ABZ!B:B, "", 0) = 0, "", _xlfn.XLOOKUP(C36, ABZ!A:A, ABZ!B:B, "", 0)) -> ENT-UIC-Android | E36: Übersetzung | F36: NL | G36: 256 | I36: =IF(AND(O36<>"",L36<>""),IF((O36-L36)<=2,1,0),0) -> 0 | J36: jazz | K36: 153535 | L36: 46029 | M36: 46034 | N36: =IF(M36<>"",M36-L36,TODAY()-L36) -> 5 | O36: 46034 | P36: =IF(M36="","⏳ Offen",IF(M36<=O36,"✅ Ja","❌ Nein")) -> ✅ Ja | Q36: MSZ | S36: FSC | T36: geliefert | U36: Z:\Produkte\F!Apps\FappMyF\GUI\Android\deutsch\2026.01
B37: MyFapp_20260107-de.xml | C37: KSu | D37: =IF(_xlfn.XLOOKUP(C37, ABZ!A:A, ABZ!B:B, "", 0) = 0, "", _xlfn.XLOOKUP(C37, ABZ!A:A, ABZ!B:B, "", 0)) -> ENT-UIC-Android | E37: Übersetzung | F37: IT | G37: 256 | I37: =IF(AND(O37<>"",L37<>""),IF((O37-L37)<=2,1,0),0) -> 0 | J37: jazz | K37: 153535 | L37: 46029 | M37: 46034 | N37: =IF(M37<>"",M37-L37,TODAY()-L37) -> 5 | O37: 46034 | P37: =IF(M37="","⏳ Offen",IF(M37<=O37,"✅ Ja","❌ Nein")) -> ✅ Ja | Q37: LBO | S37: FSC | T37: geliefert | U37: Z:\Produkte\F!Apps\FappMyF\GUI\Android\deutsch\2026.01
B38: MyFapp_20260107-de.xml | C38: KSu | D38: =IF(_xlfn.XLOOKUP(C38, ABZ!A:A, ABZ!B:B, "", 0) = 0, "", _xlfn.XLOOKUP(C38, ABZ!A:A, ABZ!B:B, "", 0)) -> ENT-UIC-Android | E38: Übersetzung | F38: NL | G38: 256 | I38: =IF(AND(O38<>"",L38<>""),IF((O38-L38)<=2,1,0),0) -> 0 | J38: jazz | K38: 153535 | L38: 46029 | M38: 46034 | N38: =IF(M38<>"",M38-L38,TODAY()-L38) -> 5 | O38: 46034 | P38: =IF(M38="","⏳ Offen",IF(M38<=O38,"✅ Ja","❌ Nein")) -> ✅ Ja | Q38: ADU | S38: FSC | T38: geliefert | U38: Z:\Produkte\F!Apps\FappMyF\GUI\Android\deutsch\2026.01
B39: MyFapp_20260107-de.xml | C39: KSu | D39: =IF(_xlfn.XLOOKUP(C39, ABZ!A:A, ABZ!B:B, "", 0) = 0, "", _xlfn.XLOOKUP(C39, ABZ!A:A, ABZ!B:B, "", 0)) -> ENT-UIC-Android | E39: Übersetzung | F39: PL | G39: 256 | I39: =IF(AND(O39<>"",L39<>""),IF((O39-L39)<=2,1,0),0) -> 0 | J39: jazz | K39: 153535 | L39: 46029 | M39: 46034 | N39: =IF(M39<>"",M39-L39,TODAY()-L39) -> 5 | O39: 46034 | P39: =IF(M39="","⏳ Offen",IF(M39<=O39,"✅ Ja","❌ Nein")) -> ✅ Ja | Q39: Yabylon | S39: FSC | T39: geliefert | U39: Z:\Produkte\F!Apps\FappMyF\GUI\Android\deutsch\2026.01
B40: MyFapp_20260107-de.xml | C40: KSu | D40: =IF(_xlfn.XLOOKUP(C40, ABZ!A:A, ABZ!B:B, "", 0) = 0, "", _xlfn.XLOOKUP(C40, ABZ!A:A, ABZ!B:B, "", 0)) -> ENT-UIC-Android | E40: Übersetzung | F40: SL | G40: 256 | I40: =IF(AND(O40<>"",L40<>""),IF((O40-L40)<=2,1,0),0) -> 0 | J40: jazz | K40: 153535 | L40: 46029 | M40: 46034 | N40: =IF(M40<>"",M40-L40,TODAY()-L40) -> 5 | O40: 46034 | P40: =IF(M40="","⏳ Offen",IF(M40<=O40,"✅ Ja","❌ Nein")) -> ✅ Ja | Q40: Yabylon | S40: FSC | T40: geliefert | U40: Z:\Produkte\F!Apps\FappMyF\GUI\Android\deutsch\2026.01
B41: MWC-save-the-date-2026-de.docx | C41: BAl | D41: =IF(_xlfn.XLOOKUP(C41, ABZ!A:A, ABZ!B:B, "", 0) = 0, "", _xlfn.XLOOKUP(C41, ABZ!A:A, ABZ!B:B, "", 0)) -> KOM-Marketing | E41: Übersetzung | F41: EN | G41: 115 | I41: =IF(AND(O41<>"",L41<>""),IF((O41-L41)<=2,1,0),0) -> 0 | L41: 46031 | M41: 46034 | N41: =IF(M41<>"",M41-L41,TODAY()-L41) -> 3 | O41: 46035 | P41: =IF(M41="","⏳ Offen",IF(M41<=O41,"✅ Ja","❌ Nein")) -> ✅ Ja | Q41: JKI | S41: FSC | T41: geliefert | U41: Z:\Produkte\Texte Web, Marketing, etc\deutsch\2026.01
B42: German_Design_Award-de.docx | C42: PSe | D42: =IF(_xlfn.XLOOKUP(C42, ABZ!A:A, ABZ!B:B, "", 0) = 0, "", _xlfn.XLOOKUP(C42, ABZ!A:A, ABZ!B:B, "", 0)) -> VTR-CS-SER-PartnerCommunication | E42: Übersetzung | F42: NL | I42: =IF(AND(O42<>"",L42<>""),IF((O42-L42)<=2,1,0),0) -> 0 | L42: 46031 | M42: 46036 | N42: =IF(M42<>"",M42-L42,TODAY()-L42) -> 5 | O42: 46042 | P42: =IF(M42="","⏳ Offen",IF(M42<=O42,"✅ Ja","❌ Nein")) -> ✅ Ja | Q42: ADU | S42: FSC | T42: geliefert | U42: Z:\Produkte\Texte Web, Marketing, etc\deutsch\2026.01
B43: Übersetzung Stichpunkte für Social Media Karussell | C43: KGo | D43: =IF(_xlfn.XLOOKUP(C43, ABZ!A:A, ABZ!B:B, "", 0) = 0, "", _xlfn.XLOOKUP(C43, ABZ!A:A, ABZ!B:B, "", 0)) -> D2C-MarketingContent | E43: Übersetzung | F43: EN | I43: =IF(AND(O43<>"",L43<>""),IF((O43-L43)<=2,1,0),0) -> 0 | L43: 46021 | M43: 46038 | N43: =IF(M43<>"",M43-L43,TODAY()-L43) -> 17 | O43: 46038 | P43: =IF(M43="","⏳ Offen",IF(M43<=O43,"✅ Ja","❌ Nein")) -> ✅ Ja | Q43: LSP | S43: HME | T43: geliefert | U43: Z:\Produkte\Texte Web, Marketing, etc\deutsch\2025.12
B44: Übersetzung Stichpunkte für Social Media Karussell | C44: KGo | D44: =IF(_xlfn.XLOOKUP(C44, ABZ!A:A, ABZ!B:B, "", 0) = 0, "", _xlfn.XLOOKUP(C44, ABZ!A:A, ABZ!B:B, "", 0)) -> D2C-MarketingContent | E44: Übersetzung | F44: IT | I44: =IF(AND(O44<>"",L44<>""),IF((O44-L44)<=2,1,0),0) -> 0 | L44: 46021 | M44: 46038 | N44: =IF(M44<>"",M44-L44,TODAY()-L44) -> 17 | O44: 46038 | P44: =IF(M44="","⏳ Offen",IF(M44<=O44,"✅ Ja","❌ Nein")) -> ✅ Ja | Q44: LBO | S44: HME | T44: geliefert | U44: Z:\Produkte\Texte Web, Marketing, etc\deutsch\2025.12
B45: Übersetzung Stichpunkte für Social Media Karussell | C45: KGo | D45: =IF(_xlfn.XLOOKUP(C45, ABZ!A:A, ABZ!B:B, "", 0) = 0, "", _xlfn.XLOOKUP(C45, ABZ!A:A, ABZ!B:B, "", 0)) -> D2C-MarketingContent | E45: Übersetzung | F45: ES | I45: =IF(AND(O45<>"",L45<>""),IF((O45-L45)<=2,1,0),0) -> 0 | L45: 46021 | M45: 46038 | N45: =IF(M45<>"",M45-L45,TODAY()-L45) -> 17 | O45: 46038 | P45: =IF(M45="","⏳ Offen",IF(M45<=O45,"✅ Ja","❌ Nein")) -> ✅ Ja | Q45: AMZ | S45: HME | T45: geliefert | U45: Z:\Produkte\Texte Web, Marketing, etc\deutsch\2025.12
B46: Übersetzung Stichpunkte für Social Media Karussell | C46: KGo | D46: =IF(_xlfn.XLOOKUP(C46, ABZ!A:A, ABZ!B:B, "", 0) = 0, "", _xlfn.XLOOKUP(C46, ABZ!A:A, ABZ!B:B, "", 0)) -> D2C-MarketingContent | E46: Übersetzung | F46: NL | I46: =IF(AND(O46<>"",L46<>""),IF((O46-L46)<=2,1,0),0) -> 0 | L46: 46021 | M46: 46038 | N46: =IF(M46<>"",M46-L46,TODAY()-L46) -> 17 | O46: 46038 | P46: =IF(M46="","⏳ Offen",IF(M46<=O46,"✅ Ja","❌ Nein")) -> ✅ Ja | Q46: ADU | S46: HME | T46: geliefert | U46: Z:\Produkte\Texte Web, Marketing, etc\deutsch\2025.12
B47: Übersetzung Stichpunkte für Social Media Karussell | C47: KGo | D47: =IF(_xlfn.XLOOKUP(C47, ABZ!A:A, ABZ!B:B, "", 0) = 0, "", _xlfn.XLOOKUP(C47, ABZ!A:A, ABZ!B:B, "", 0)) -> D2C-MarketingContent | E47: Übersetzung | F47: NL | I47: =IF(AND(O47<>"",L47<>""),IF((O47-L47)<=2,1,0),0) -> 0 | L47: 46021 | M47: 46038 | N47: =IF(M47<>"",M47-L47,TODAY()-L47) -> 17 | O47: 46038 | P47: =IF(M47="","⏳ Offen",IF(M47<=O47,"✅ Ja","❌ Nein")) -> ✅ Ja | Q47: MSZ | S47: HME | T47: geliefert | U47: Z:\Produkte\Texte Web, Marketing, etc\deutsch\2025.12
B48: OH_FB_s24p2_v7-2026-01-12_D-00000084_T-00000951_EngineeringModules_de-DE_en-GB.Fragments.xml | C48: Cmi | D48: =IF(_xlfn.XLOOKUP(C48, ABZ!A:A, ABZ!B:B, "", 0) = 0, "", _xlfn.XLOOKUP(C48, ABZ!A:A, ABZ!B:B, "", 0)) -> SUP-TCO-KnowledgeManagement | E48: Übersetzung | F48: EN | I48: =IF(AND(O48<>"",L48<>""),IF((O48-L48)<=2,1,0),0) -> 0 | L48: 46034 | M48: 46041 | N48: =IF(M48<>"",M48-L48,TODAY()-L48) -> 7 | O48: 46041 | P48: =IF(M48="","⏳ Offen",IF(M48<=O48,"✅ Ja","❌ Nein")) -> ✅ Ja | Q48: JKI | S48: MSI | T48: geliefert | U48: Z:\International\Tico\work\2026-01-12_D-00000084_T-00000951_de-DE_en-GB.xml
B49: OH_FB_s24p2_v7-2026-01-12_D-00000084_T-00000951_EngineeringModules_de-DE_en-GB.xml | C49: Cmi | D49: =IF(_xlfn.XLOOKUP(C49, ABZ!A:A, ABZ!B:B, "", 0) = 0, "", _xlfn.XLOOKUP(C49, ABZ!A:A, ABZ!B:B, "", 0)) -> SUP-TCO-KnowledgeManagement | E49: Übersetzung | F49: EN | I49: =IF(AND(O49<>"",L49<>""),IF((O49-L49)<=2,1,0),0) -> 0 | L49: 46034 | M49: 46041 | N49: =IF(M49<>"",M49-L49,TODAY()-L49) -> 7 | O49: 46041 | P49: =IF(M49="","⏳ Offen",IF(M49<=O49,"✅ Ja","❌ Nein")) -> ✅ Ja | Q49: JKI | S49: MSI | T49: geliefert | U49: Z:\International\Tico\work\2026-01-12_D-00000084_T-00000951_de-DE_en-GB.xml
B50: OH_FB_s24p2_v7-2026-01-12_D-00000084_T-00000949_EngineeringModules_de-DE_it-IT.Fragments.xml | C50: Cmi | D50: =IF(_xlfn.XLOOKUP(C50, ABZ!A:A, ABZ!B:B, "", 0) = 0, "", _xlfn.XLOOKUP(C50, ABZ!A:A, ABZ!B:B, "", 0)) -> SUP-TCO-KnowledgeManagement | E50: Übersetzung | F50: IT | I50: =IF(AND(O50<>"",L50<>""),IF((O50-L50)<=2,1,0),0) -> 0 | L50: 46034 | M50: 46042 | N50: =IF(M50<>"",M50-L50,TODAY()-L50) -> 8 | O50: 46045 | P50: =IF(M50="","⏳ Offen",IF(M50<=O50,"✅ Ja","❌ Nein")) -> ✅ Ja | Q50: LBO | S50: MSI | T50: geliefert | U50: Z:\International\Tico\work\2026-01-12_D-00000084_T-00000949_de-DE_it-IT.xml\untranslated
B51: OH_FB_s24p2_v7-2026-01-12_D-00000084_T-00000949_EngineeringModules_de-DE_it-IT.xml | C51: Cmi | D51: =IF(_xlfn.XLOOKUP(C51, ABZ!A:A, ABZ!B:B, "", 0) = 0, "", _xlfn.XLOOKUP(C51, ABZ!A:A, ABZ!B:B, "", 0)) -> SUP-TCO-KnowledgeManagement | E51: Übersetzung | F51: IT | I51: =IF(AND(O51<>"",L51<>""),IF((O51-L51)<=2,1,0),0) -> 0 | L51: 46034 | M51: 46042 | N51: =IF(M51<>"",M51-L51,TODAY()-L51) -> 8 | O51: 46045 | P51: =IF(M51="","⏳ Offen",IF(M51<=O51,"✅ Ja","❌ Nein")) -> ✅ Ja | Q51: LBO | S51: MSI | T51: geliefert | U51: Z:\International\Tico\work\2026-01-12_D-00000084_T-00000949_de-DE_it-IT.xml\untranslated
B52: OH_FB_s24p2_v7-2026-01-12_D-00000084_T-00000950_EngineeringModules_de-DE_nl-NL.Fragments.xml | C52: Cmi | D52: =IF(_xlfn.XLOOKUP(C52, ABZ!A:A, ABZ!B:B, "", 0) = 0, "", _xlfn.XLOOKUP(C52, ABZ!A:A, ABZ!B:B, "", 0)) -> SUP-TCO-KnowledgeManagement | E52: Übersetzung | F52: NL | I52: =IF(AND(O52<>"",L52<>""),IF((O52-L52)<=2,1,0),0) -> 0 | L52: 46034 | M52: 46045 | N52: =IF(M52<>"",M52-L52,TODAY()-L52) -> 11 | O52: 46045 | P52: =IF(M52="","⏳ Offen",IF(M52<=O52,"✅ Ja","❌ Nein")) -> ✅ Ja | Q52: ADU | S52: MSI | T52: geliefert | U52: Z:\International\Tico\work\2026-01-12_D-00000084_T-00000950_de-DE_nl-NL.xml\untranslated
B53: OH_FB_s24p2_v7-2026-01-12_D-00000084_T-00000950_EngineeringModules_de-DE_nl-NL.xml | C53: Cmi | D53: =IF(_xlfn.XLOOKUP(C53, ABZ!A:A, ABZ!B:B, "", 0) = 0, "", _xlfn.XLOOKUP(C53, ABZ!A:A, ABZ!B:B, "", 0)) -> SUP-TCO-KnowledgeManagement | E53: Übersetzung | F53: NL | I53: =IF(AND(O53<>"",L53<>""),IF((O53-L53)<=2,1,0),0) -> 0 | L53: 46034 | M53: 46045 | N53: =IF(M53<>"",M53-L53,TODAY()-L53) -> 11 | O53: 46045 | P53: =IF(M53="","⏳ Offen",IF(M53<=O53,"✅ Ja","❌ Nein")) -> ✅ Ja | Q53: ADU | S53: MSI | T53: geliefert | U53: Z:\International\Tico\work\2026-01-12_D-00000084_T-00000950_de-DE_nl-NL.xml\untranslated
... B57: OH_FB_s24p2_v7-2026-01-12_D-00000084_T-00000947_EngineeringModules_de-DE_fr-FR.xml | C57: Cmi | D57: =IF(_xlfn.XLOOKUP(C57, ABZ!A:A, ABZ!B:B, "", 0) = 0, "", _xlfn.XLOOKUP(C57, ABZ!A:A, ABZ!B:B, "", 0)) -> SUP-TCO-KnowledgeManagement | E57: Übersetzung | F57: NL | I57: =IF(AND(O57<>"",L57<>""),IF((O57-L57)<=2,1,0),0) -> 0 | L57: 46034 | M57: 46038 | N57: =IF(M57<>"",M57-L57,TODAY()-L57) -> 4 | O57: 46045 | P57: =IF(M57="","⏳ Offen",IF(M57<=O57,"✅ Ja","❌ Nein")) -> ✅ Ja | Q57: MSI | S57: MSI | T57: geliefert | U57: Z:\International\Tico\work\2026-01-12_D-00000084_T-00000947_de-DE_fr-FR.xml\untranslated
B58: 20260113_Ankuendigung_FRITZ!Box 4630_Edition_International_DE_Final.docx | C58: Apa | D58: =IF(_xlfn.XLOOKUP(C58, ABZ!A:A, ABZ!B:B, "", 0) = 0, "", _xlfn.XLOOKUP(C58, ABZ!A:A, ABZ!B:B, "", 0)) -> VTR-CS-CM-Retail | E58: Lektorat | F58: NL | G58: 634 | H58: 4 | I58: =IF(AND(O58<>"",L58<>""),IF((O58-L58)<=2,1,0),0) -> 1 | L58: 46035 | M58: 46035 | N58: =IF(M58<>"",M58-L58,TODAY()-L58) -> 0 | O58: 46035 | P58: =IF(M58="","⏳ Offen",IF(M58<=O58,"✅ Ja","❌ Nein")) -> ✅ Ja | Q58: FSC | S58: MSI | T58: geliefert | U58: Z:\Produkte\Texte Web, Marketing, etc\deutsch\2026.01
B59: 20260113_Ankuendigung_FRITZ!Box 4630_Edition_International_DE_Final.docx | C59: Apa | D59: =IF(_xlfn.XLOOKUP(C59, ABZ!A:A, ABZ!B:B, "", 0) = 0, "", _xlfn.XLOOKUP(C59, ABZ!A:A, ABZ!B:B, "", 0)) -> VTR-CS-CM-Retail | E59: Übersetzung | F59: EN | G59: 634 | I59: =IF(AND(O59<>"",L59<>""),IF((O59-L59)<=2,1,0),0) -> 0 | L59: 46035 | M59: 46043 | N59: =IF(M59<>"",M59-L59,TODAY()-L59) -> 8 | O59: 46043 | P59: =IF(M59="","⏳ Offen",IF(M59<=O59,"✅ Ja","❌ Nein")) -> ✅ Ja | Q59: SRI | S59: MSI | T59: geliefert | U59: Z:\Produkte\Texte Web, Marketing, etc\deutsch\2026.01
B60: 20260113_Ankuendigung_FRITZ!Box 4630_Edition_International_DE_Final.docx | C60: Apa | D60: =IF(_xlfn.XLOOKUP(C60, ABZ!A:A, ABZ!B:B, "", 0) = 0, "", _xlfn.XLOOKUP(C60, ABZ!A:A, ABZ!B:B, "", 0)) -> VTR-CS-CM-Retail | E60: Übersetzung | F60: NL | G60: 634 | I60: =IF(AND(O60<>"",L60<>""),IF((O60-L60)<=2,1,0),0) -> 0 | L60: 46035 | M60: 46043 | N60: =IF(M60<>"",M60-L60,TODAY()-L60) -> 8 | O60: 46043 | P60: =IF(M60="","⏳ Offen",IF(M60<=O60,"✅ Ja","❌ Nein")) -> ✅ Ja | Q60: MSZ | S60: MSI | T60: geliefert | U60: Z:\Produkte\Texte Web, Marketing, etc\deutsch\2026.01
B61: 20260113_Ankuendigung_FRITZ!Box 4630_Edition_International_DE_Final.docx | C61: Apa | D61: =IF(_xlfn.XLOOKUP(C61, ABZ!A:A, ABZ!B:B, "", 0) = 0, "", _xlfn.XLOOKUP(C61, ABZ!A:A, ABZ!B:B, "", 0)) -> VTR-CS-CM-Retail | E61: Übersetzung | F61: NL | G61: 634 | I61: =IF(AND(O61<>"",L61<>""),IF((O61-L61)<=2,1,0),0) -> 0 | L61: 46035 | M61: 46043 | N61: =IF(M61<>"",M61-L61,TODAY()-L61) -> 8 | O61: 46043 | P61: =IF(M61="","⏳ Offen",IF(M61<=O61,"✅ Ja","❌ Nein")) -> ✅ Ja | Q61: ADU | S61: MSI | T61: geliefert | U61: Z:\Produkte\Texte Web, Marketing, etc\deutsch\2026.01
B62: 20260113_Ankuendigung_FRITZ!Box 4630_Edition_International_DE_Final.docx | C62: Apa | D62: =IF(_xlfn.XLOOKUP(C62, ABZ!A:A, ABZ!B:B, "", 0) = 0, "", _xlfn.XLOOKUP(C62, ABZ!A:A, ABZ!B:B, "", 0)) -> VTR-CS-CM-Retail | E62: Übersetzung | F62: ES | G62: 634 | I62: =IF(AND(O62<>"",L62<>""),IF((O62-L62)<=2,1,0),0) -> 0 | L62: 46035 | M62: 46043 | N62: =IF(M62<>"",M62-L62,TODAY()-L62) -> 8 | O62: 46043 | P62: =IF(M62="","⏳ Offen",IF(M62<=O62,"✅ Ja","❌ Nein")) -> ✅ Ja | Q62: AMZ | R62: HME | S62: MSI | T62: geliefert | U62: Z:\Produkte\Texte Web, Marketing, etc\deutsch\2026.01
B63: 20260113_Ankuendigung_FRITZ!Box 4630_Edition_International_DE_Final.docx | C63: Apa | D63: =IF(_xlfn.XLOOKUP(C63, ABZ!A:A, ABZ!B:B, "", 0) = 0, "", _xlfn.XLOOKUP(C63, ABZ!A:A, ABZ!B:B, "", 0)) -> VTR-CS-CM-Retail | E63: Übersetzung | F63: NL | G63: 634 | I63: =IF(AND(O63<>"",L63<>""),IF((O63-L63)<=2,1,0),0) -> 0 | L63: 46035 | M63: 46043 | N63: =IF(M63<>"",M63-L63,TODAY()-L63) -> 8 | O63: 46043 | P63: =IF(M63="","⏳ Offen",IF(M63<=O63,"✅ Ja","❌ Nein")) -> ✅ Ja | Q63: Cristin | R63: LBO | S63: MSI | T63: geliefert | U63: Z:\Produkte\Texte Web, Marketing, etc\deutsch\2026.01
B64: Whitepaper-de.docx | C64: PSe | D64: =IF(_xlfn.XLOOKUP(C64, ABZ!A:A, ABZ!B:B, "", 0) = 0, "", _xlfn.XLOOKUP(C64, ABZ!A:A, ABZ!B:B, "", 0)) -> VTR-CS-SER-PartnerCommunication | E64: Übersetzung | F64: ES | I64: =IF(AND(O64<>"",L64<>""),IF((O64-L64)<=2,1,0),0) -> 0 | L64: 46035 | M64: 46038 | N64: =IF(M64<>"",M64-L64,TODAY()-L64) -> 3 | O64: 46038 | P64: =IF(M64="","⏳ Offen",IF(M64<=O64,"✅ Ja","❌ Nein")) -> ✅ Ja | Q64: AMZ | S64: FSC | T64: geliefert | U64: Z:\Produkte\Texte Web, Marketing, etc\deutsch\2026.01
B65: Whitepaper-de.docx | C65: PSe | D65: =IF(_xlfn.XLOOKUP(C65, ABZ!A:A, ABZ!B:B, "", 0) = 0, "", _xlfn.XLOOKUP(C65, ABZ!A:A, ABZ!B:B, "", 0)) -> VTR-CS-SER-PartnerCommunication | E65: Übersetzung | F65: NL | I65: =IF(AND(O65<>"",L65<>""),IF((O65-L65)<=2,1,0),0) -> 0 | L65: 46035 | M65: 46038 | N65: =IF(M65<>"",M65-L65,TODAY()-L65) -> 3 | O65: 46038 | P65: =IF(M65="","⏳ Offen",IF(M65<=O65,"✅ Ja","❌ Nein")) -> ✅ Ja | Q65: Cristina | S65: FSC | T65: geliefert | U65: Z:\Produkte\Texte Web, Marketing, etc\deutsch\2026.01
B66: Whitepaper-de.docx | C66: PSe | D66: =IF(_xlfn.XLOOKUP(C66, ABZ!A:A, ABZ!B:B, "", 0) = 0, "", _xlfn.XLOOKUP(C66, ABZ!A:A, ABZ!B:B, "", 0)) -> VTR-CS-SER-PartnerCommunication | E66: Übersetzung | F66: NL | I66: =IF(AND(O66<>"",L66<>""),IF((O66-L66)<=2,1,0),0) -> 0 | L66: 46035 | M66: 46038 | N66: =IF(M66<>"",M66-L66,TODAY()-L66) -> 3 | O66: 46038 | P66: =IF(M66="","⏳ Offen",IF(M66<=O66,"✅ Ja","❌ Nein")) -> ✅ Ja | Q66: ADU | S66: FSC | T66: geliefert | U66: Z:\Produkte\Texte Web, Marketing, etc\deutsch\2026.01
B67: 20260114_MyFRITZ 3.0 Beschreibungstext AppStores_DE.docx | C67: OKE | D67: =IF(_xlfn.XLOOKUP(C67, ABZ!A:A, ABZ!B:B, "", 0) = 0, "", _xlfn.XLOOKUP(C67, ABZ!A:A, ABZ!B:B, "", 0)) -> VTR-CS-ChannelMarketing-CM | E67: Übersetzung | F67: EN | I67: =IF(AND(O67<>"",L67<>""),IF((O67-L67)<=2,1,0),0) -> 0 | L67: 46036 | M67: 46041 | N67: =IF(M67<>"",M67-L67,TODAY()-L67) -> 5 | O67: 46042 | P67: =IF(M67="","⏳ Offen",IF(M67<=O67,"✅ Ja","❌ Nein")) -> ✅ Ja | Q67: SRI | S67: HME | T67: geliefert | U67: Z:\Produkte\Texte Web, Marketing, etc\deutsch\2026.01
B68: 20260114_MyFRITZ 3.0 Beschreibungstext AppStores_DE.docx | C68: OKE | D68: =IF(_xlfn.XLOOKUP(C68, ABZ!A:A, ABZ!B:B, "", 0) = 0, "", _xlfn.XLOOKUP(C68, ABZ!A:A, ABZ!B:B, "", 0)) -> VTR-CS-ChannelMarketing-CM | E68: Übersetzung | F68: NL | I68: =IF(AND(O68<>"",L68<>""),IF((O68-L68)<=2,1,0),0) -> 0 | L68: 46036 | M68: 46041 | N68: =IF(M68<>"",M68-L68,TODAY()-L68) -> 5 | O68: 46042 | P68: =IF(M68="","⏳ Offen",IF(M68<=O68,"✅ Ja","❌ Nein")) -> ✅ Ja | Q68: MSZ | S68: HME | T68: geliefert | U68: Z:\Produkte\Texte Web, Marketing, etc\deutsch\2026.01
B69: 20260114_MyFRITZ 3.0 Beschreibungstext AppStores_DE.docx | C69: OKE | D69: =IF(_xlfn.XLOOKUP(C69, ABZ!A:A, ABZ!B:B, "", 0) = 0, "", _xlfn.XLOOKUP(C69, ABZ!A:A, ABZ!B:B, "", 0)) -> VTR-CS-ChannelMarketing-CM | E69: Übersetzung | F69: NL | I69: =IF(AND(O69<>"",L69<>""),IF((O69-L69)<=2,1,0),0) -> 0 | L69: 46036 | M69: 46041 | N69: =IF(M69<>"",M69-L69,TODAY()-L69) -> 5 | O69: 46042 | P69: =IF(M69="","⏳ Offen",IF(M69<=O69,"✅ Ja","❌ Nein")) -> ✅ Ja | Q69: Cristin | R69: LBO | S69: HME | T69: geliefert | U69: Z:\Produkte\Texte Web, Marketing, etc\italienisch\2026.01
B70: 20260114_MyFRITZ 3.0 Beschreibungstext AppStores_DE.docx | C70: OKE | D70: =IF(_xlfn.XLOOKUP(C70, ABZ!A:A, ABZ!B:B, "", 0) = 0, "", _xlfn.XLOOKUP(C70, ABZ!A:A, ABZ!B:B, "", 0)) -> VTR-CS-ChannelMarketing-CM | E70: Übersetzung | F70: NL | I70: =IF(AND(O70<>"",L70<>""),IF((O70-L70)<=2,1,0),0) -> 0 | L70: 46036 | M70: 46041 | N70: =IF(M70<>"",M70-L70,TODAY()-L70) -> 5 | O70: 46042 | P70: =IF(M70="","⏳ Offen",IF(M70<=O70,"✅ Ja","❌ Nein")) -> ✅ Ja | Q70: ADU | S70: HME | T70: geliefert | U70: Z:\Produkte\Texte Web, Marketing, etc\deutsch\2026.01
B71: Launch-Kampagne CH - Textassets_ Fritz_REG140126.xlsx | C71: REG | D71: =IF(_xlfn.XLOOKUP(C71, ABZ!A:A, ABZ!B:B, "", 0) = 0, "", _xlfn.XLOOKUP(C71, ABZ!A:A, ABZ!B:B, "", 0)) -> D2C-MarketingContent | E71: Lektorat | F71: NL | H71: 2 | I71: =IF(AND(O71<>"",L71<>""),IF((O71-L71)<=2,1,0),0) -> 0 | L71: 46036 | M71: 46045 | N71: =IF(M71<>"",M71-L71,TODAY()-L71) -> 9 | O71: 46045 | P71: =IF(M71="","⏳ Offen",IF(M71<=O71,"✅ Ja","❌ Nein")) -> ✅ Ja | Q71: FSC | S71: HME | T71: geliefert | U71: Z:\Produkte\Texte Web, Marketing, etc\deutsch\2026.01
B72: Launch-Kampagne CH - Textassets_ Fritz_REG140126.xlsx | C72: REG | D72: =IF(_xlfn.XLOOKUP(C72, ABZ!A:A, ABZ!B:B, "", 0) = 0, "", _xlfn.XLOOKUP(C72, ABZ!A:A, ABZ!B:B, "", 0)) -> D2C-MarketingContent | E72: Übersetzung | F72: IT | I72: =IF(AND(O72<>"",L72<>""),IF((O72-L72)<=2,1,0),0) -> 0 | L72: 46036 | M72: 46045 | N72: =IF(M72<>"",M72-L72,TODAY()-L72) -> 9 | O72: 46045 | P72: =IF(M72="","⏳ Offen",IF(M72<=O72,"✅ Ja","❌ Nein")) -> ✅ Ja | Q72: LBO | S72: HME | T72: geliefert | U72: Z:\Produkte\Texte Web, Marketing, etc\deutsch\2026.01
B73: Launch-Kampagne CH - Textassets_ Fritz_REG140126.xlsx | C73: REG | D73: =IF(_xlfn.XLOOKUP(C73, ABZ!A:A, ABZ!B:B, "", 0) = 0, "", _xlfn.XLOOKUP(C73, ABZ!A:A, ABZ!B:B, "", 0)) -> D2C-MarketingContent | E73: Übersetzung | F73: NL | I73: =IF(AND(O73<>"",L73<>""),IF((O73-L73)<=2,1,0),0) -> 0 | L73: 46036 | M73: 46045 | N73: =IF(M73<>"",M73-L73,TODAY()-L73) -> 9 | O73: 46045 | P73: =IF(M73="","⏳ Offen",IF(M73<=O73,"✅ Ja","❌ Nein")) -> ✅ Ja | Q73: MSZ | S73: HME | T73: geliefert | U73: Z:\Produkte\Texte Web, Marketing, etc\deutsch\2026.01
B74: Übersetzung Warenkorb Reminder-de.docx | C74: Atc | D74: =IF(_xlfn.XLOOKUP(C74, ABZ!A:A, ABZ!B:B, "", 0) = 0, "", _xlfn.XLOOKUP(C74, ABZ!A:A, ABZ!B:B, "", 0)) -> D2C-MarketingContent | E74: Übersetzung | F74: EN | I74: =IF(AND(O74<>"",L74<>""),IF((O74-L74)<=2,1,0),0) -> 0 | L74: 46037 | M74: 46044 | N74: =IF(M74<>"",M74-L74,TODAY()-L74) -> 7 | O74: 46044 | P74: =IF(M74="","⏳ Offen",IF(M74<=O74,"✅ Ja","❌ Nein")) -> ✅ Ja | Q74: JKI | S74: HME | T74: geliefert | U74: Z:\Produkte\Texte Web, Marketing, etc\deutsch\2026.01
B75: Übersetzung Warenkorb Reminder-de.docx | C75: Atc | D75: =IF(_xlfn.XLOOKUP(C75, ABZ!A:A, ABZ!B:B, "", 0) = 0, "", _xlfn.XLOOKUP(C75, ABZ!A:A, ABZ!B:B, "", 0)) -> D2C-MarketingContent | E75: Übersetzung | F75: NL | I75: =IF(AND(O75<>"",L75<>""),IF((O75-L75)<=2,1,0),0) -> 0 | L75: 46037 | M75: 46044 | N75: =IF(M75<>"",M75-L75,TODAY()-L75) -> 7 | O75: 46044 | P75: =IF(M75="","⏳ Offen",IF(M75<=O75,"✅ Ja","❌ Nein")) -> ✅ Ja | Q75: Cristin | R75: LBO | S75: HME | T75: geliefert | U75: Z:\Produkte\Texte Web, Marketing, etc\italienisch\2026.01
B76: Übersetzung Warenkorb Reminder-de.docx | C76: Atc | D76: =IF(_xlfn.XLOOKUP(C76, ABZ!A:A, ABZ!B:B, "", 0) = 0, "", _xlfn.XLOOKUP(C76, ABZ!A:A, ABZ!B:B, "", 0)) -> D2C-MarketingContent | E76: Übersetzung | F76: NL | I76: =IF(AND(O76<>"",L76<>""),IF((O76-L76)<=2,1,0),0) -> 0 | L76: 46037 | M76: 46044 | N76: =IF(M76<>"",M76-L76,TODAY()-L76) -> 7 | O76: 46044 | P76: =IF(M76="","⏳ Offen",IF(M76<=O76,"✅ Ja","❌ Nein")) -> ✅ Ja | Q76: ADU | S76: HME | T76: geliefert | U76: Z:\Produkte\Texte Web, Marketing, etc\deutsch\2026.01
B77: Übersetzung Warenkorb Reminder-de.docx | C77: Atc | D77: =IF(_xlfn.XLOOKUP(C77, ABZ!A:A, ABZ!B:B, "", 0) = 0, "", _xlfn.XLOOKUP(C77, ABZ!A:A, ABZ!B:B, "", 0)) -> D2C-MarketingContent | E77: Übersetzung | F77: ES | I77: =IF(AND(O77<>"",L77<>""),IF((O77-L77)<=2,1,0),0) -> 0 | L77: 46037 | M77: 46044 | N77: =IF(M77<>"",M77-L77,TODAY()-L77) -> 7 | O77: 46044 | P77: =IF(M77="","⏳ Offen",IF(M77<=O77,"✅ Ja","❌ Nein")) -> ✅ Ja | Q77: AMZ | S77: HME | T77: geliefert | U77: Z:\Produkte\Texte Web, Marketing, etc\deutsch\2026.01
B78: Amazon_Content_Rest-de.docx | C78: JBl | D78: =IF(_xlfn.XLOOKUP(C78, ABZ!A:A, ABZ!B:B, "", 0) = 0, "", _xlfn.XLOOKUP(C78, ABZ!A:A, ABZ!B:B, "", 0)) -> D2C-MarketingContent | E78: Übersetzung | F78: EN | G78: 2040 | I78: =IF(AND(O78<>"",L78<>""),IF((O78-L78)<=2,1,0),0) -> 0 | L78: 46037 | M78: 46042 | N78: =IF(M78<>"",M78-L78,TODAY()-L78) -> 5 | O78: 46042 | P78: =IF(M78="","⏳ Offen",IF(M78<=O78,"✅ Ja","❌ Nein")) -> ✅ Ja | Q78: JKI | S78: FSC | T78: geliefert | U78: Z:\Produkte\D2C\deutsch\2026.01
B79: Amazon_Content_Rest-de.docx | C79: JBl | D79: =IF(_xlfn.XLOOKUP(C79, ABZ!A:A, ABZ!B:B, "", 0) = 0, "", _xlfn.XLOOKUP(C79, ABZ!A:A, ABZ!B:B, "", 0)) -> D2C-MarketingContent | E79: Übersetzung | F79: ES | G79: 2040 | I79: =IF(AND(O79<>"",L79<>""),IF((O79-L79)<=2,1,0),0) -> 0 | L79: 46037 | M79: 46042 | N79: =IF(M79<>"",M79-L79,TODAY()-L79) -> 5 | O79: 46042 | P79: =IF(M79="","⏳ Offen",IF(M79<=O79,"✅ Ja","❌ Nein")) -> ✅ Ja | Q79: AMZ | S79: FSC | T79: geliefert | U79: Z:\Produkte\D2C\deutsch\2026.01
B80: Amazon_Content_Rest-de.docx | C80: JBl | D80: =IF(_xlfn.XLOOKUP(C80, ABZ!A:A, ABZ!B:B, "", 0) = 0, "", _xlfn.XLOOKUP(C80, ABZ!A:A, ABZ!B:B, "", 0)) -> D2C-MarketingContent | E80: Übersetzung | F80: NL | G80: 2040 | I80: =IF(AND(O80<>"",L80<>""),IF((O80-L80)<=2,1,0),0) -> 0 | L80: 46037 | M80: 46042 | N80: =IF(M80<>"",M80-L80,TODAY()-L80) -> 5 | O80: 46042 | P80: =IF(M80="","⏳ Offen",IF(M80<=O80,"✅ Ja","❌ Nein")) -> ✅ Ja | Q80: MSZ | S80: FSC | T80: geliefert | U80: Z:\Produkte\D2C\deutsch\2026.01
B81: Amazon_Content_Rest-de.docx | C81: JBl | D81: =IF(_xlfn.XLOOKUP(C81, ABZ!A:A, ABZ!B:B, "", 0) = 0, "", _xlfn.XLOOKUP(C81, ABZ!A:A, ABZ!B:B, "", 0)) -> D2C-MarketingContent | E81: Übersetzung | F81: NL | G81: 2040 | I81: =IF(AND(O81<>"",L81<>""),IF((O81-L81)<=2,1,0),0) -> 0 | L81: 46037 | M81: 46042 | N81: =IF(M81<>"",M81-L81,TODAY()-L81) -> 5 | O81: 46042 | P81: =IF(M81="","⏳ Offen",IF(M81<=O81,"✅ Ja","❌ Nein")) -> ✅ Ja | Q81: Cristina | S81: FSC | T81: geliefert | U81: Z:\Produkte\D2C\deutsch\2026.01
B82: Amazon_Content_Rest-de.docx | C82: JBl | D82: =IF(_xlfn.XLOOKUP(C82, ABZ!A:A, ABZ!B:B, "", 0) = 0, "", _xlfn.XLOOKUP(C82, ABZ!A:A, ABZ!B:B, "", 0)) -> D2C-MarketingContent | E82: Übersetzung | F82: NL | G82: 2040 | I82: =IF(AND(O82<>"",L82<>""),IF((O82-L82)<=2,1,0),0) -> 0 | L82: 46037 | M82: 46042 | N82: =IF(M82<>"",M82-L82,TODAY()-L82) -> 5 | O82: 46042 | P82: =IF(M82="","⏳ Offen",IF(M82<=O82,"✅ Ja","❌ Nein")) -> ✅ Ja | Q82: ADU | S82: FSC | T82: geliefert | U82: Z:\Produkte\D2C\deutsch\2026.01
B83: Amazon_Content_Rest-de.docx | C83: JBl | D83: =IF(_xlfn.XLOOKUP(C83, ABZ!A:A, ABZ!B:B, "", 0) = 0, "", _xlfn.XLOOKUP(C83, ABZ!A:A, ABZ!B:B, "", 0)) -> D2C-MarketingContent | E83: Übersetzung | F83: PL | G83: 2040 | I83: =IF(AND(O83<>"",L83<>""),IF((O83-L83)<=2,1,0),0) -> 0 | L83: 46037 | M83: 46043 | N83: =IF(M83<>"",M83-L83,TODAY()-L83) -> 6 | O83: 46043 | P83: =IF(M83="","⏳ Offen",IF(M83<=O83,"✅ Ja","❌ Nein")) -> ✅ Ja | Q83: Yabylon | S83: FSC | T83: geliefert | U83: Z:\Produkte\D2C\deutsch\2026.01
B84: MyFapp_20260115-de.xliff | C84: TBh | D84: =IF(_xlfn.XLOOKUP(C84, ABZ!A:A, ABZ!B:B, "", 0) = 0, "", _xlfn.XLOOKUP(C84, ABZ!A:A, ABZ!B:B, "", 0)) -> ENT-UIC-iOS | E84: Lektorat | F84: NL | H84: 1 | I84: =IF(AND(O84<>"",L84<>""),IF((O84-L84)<=2,1,0),0) -> 1 | J84: jazz | K84: 153377 | L84: 46037 | M84: 46038 | N84: =IF(M84<>"",M84-L84,TODAY()-L84) -> 1 | O84: 46038 | P84: =IF(M84="","⏳ Offen",IF(M84<=O84,"✅ Ja","❌ Nein")) -> ✅ Ja | Q84: FSC | S84: FSC | T84: geliefert | U84: Z:\Produkte\F!Apps\FappMyF\GUI\iOS\deutsch\2026.01
B85: 4442_nl-NL_produktvergleich_20260116-124329.xml | C85: PSe | D85: =IF(_xlfn.XLOOKUP(C85, ABZ!A:A, ABZ!B:B, "", 0) = 0, "", _xlfn.XLOOKUP(C85, ABZ!A:A, ABZ!B:B, "", 0)) -> VTR-CS-SER-PartnerCommunication | E85: Übersetzung | F85: NL | I85: =IF(AND(O85<>"",L85<>""),IF((O85-L85)<=2,1,0),0) -> 0 | L85: 46038 | M85: 46050 | N85: =IF(M85<>"",M85-L85,TODAY()-L85) -> 12 | O85: 46052 | P85: =IF(M85="","⏳ Offen",IF(M85<=O85,"✅ Ja","❌ Nein")) -> ✅ Ja | Q85: ADU | S85: HME | T85: geliefert | U85: Z:\Produkte\Texte Web, Marketing, etc\deutsch\2026.01
B86: MyFapp_20260119-de-ES.xliff | C86: TBh | D86: =IF(_xlfn.XLOOKUP(C86, ABZ!A:A, ABZ!B:B, "", 0) = 0, "", _xlfn.XLOOKUP(C86, ABZ!A:A, ABZ!B:B, "", 0)) -> ENT-UIC-iOS | E86: Übersetzung | F86: NL | I86: =IF(AND(O86<>"",L86<>""),IF((O86-L86)<=2,1,0),0) -> 1 | J86: jazz | K86: 153377 | L86: 46041 | M86: 46043 | N86: =IF(M86<>"",M86-L86,TODAY()-L86) -> 2 | O86: 46043 | P86: =IF(M86="","⏳ Offen",IF(M86<=O86,"✅ Ja","❌ Nein")) -> ✅ Ja | Q86: HME | S86: FSC | T86: geliefert | U86: Z:\Produkte\F!Apps\FappMyF\GUI\iOS\spanisch\2026.01
B87: MyFapp_20260119-de-FR.xliff | C87: TBh | D87: =IF(_xlfn.XLOOKUP(C87, ABZ!A:A, ABZ!B:B, "", 0) = 0, "", _xlfn.XLOOKUP(C87, ABZ!A:A, ABZ!B:B, "", 0)) -> ENT-UIC-iOS | E87: Übersetzung | F87: NL | I87: =IF(AND(O87<>"",L87<>""),IF((O87-L87)<=2,1,0),0) -> 1 | J87: jazz | K87: 153377 | L87: 46041 | M87: 46043 | N87: =IF(M87<>"",M87-L87,TODAY()-L87) -> 2 | O87: 46043 | P87: =IF(M87="","⏳ Offen",IF(M87<=O87,"✅ Ja","❌ Nein")) -> ✅ Ja | Q87: MSZ | S87: FSC | T87: geliefert | U87: Z:\Produkte\F!Apps\FappMyF\GUI\iOS\franzoesisch\2026.01
B88: MyFapp_20260119-de-IT.xliff | C88: TBh | D88: =IF(_xlfn.XLOOKUP(C88, ABZ!A:A, ABZ!B:B, "", 0) = 0, "", _xlfn.XLOOKUP(C88, ABZ!A:A, ABZ!B:B, "", 0)) -> ENT-UIC-iOS | E88: Übersetzung | F88: IT | I88: =IF(AND(O88<>"",L88<>""),IF((O88-L88)<=2,1,0),0) -> 1 | J88: jazz | K88: 153377 | L88: 46041 | M88: 46043 | N88: =IF(M88<>"",M88-L88,TODAY()-L88) -> 2 | O88: 46043 | P88: =IF(M88="","⏳ Offen",IF(M88<=O88,"✅ Ja","❌ Nein")) -> ✅ Ja | Q88: LBO | S88: FSC | T88: geliefert | U88: Z:\Produkte\F!Apps\FappMyF\GUI\iOS\italienisch\2026.01
B89: MyFapp_20260119-de-NL.xliff | C89: TBh | D89: =IF(_xlfn.XLOOKUP(C89, ABZ!A:A, ABZ!B:B, "", 0) = 0, "", _xlfn.XLOOKUP(C89, ABZ!A:A, ABZ!B:B, "", 0)) -> ENT-UIC-iOS | E89: Übersetzung | F89: NL | I89: =IF(AND(O89<>"",L89<>""),IF((O89-L89)<=2,1,0),0) -> 1 | J89: jazz | K89: 153377 | L89: 46041 | M89: 46043 | N89: =IF(M89<>"",M89-L89,TODAY()-L89) -> 2 | O89: 46043 | P89: =IF(M89="","⏳ Offen",IF(M89<=O89,"✅ Ja","❌ Nein")) -> ✅ Ja | Q89: ADU | S89: FSC | T89: geliefert | U89: Z:\Produkte\F!Apps\FappMyF\GUI\iOS\niederlaendisch\2026.01
B90: MyFapp_20260119-de-PL.xliff | C90: TBh | D90: =IF(_xlfn.XLOOKUP(C90, ABZ!A:A, ABZ!B:B, "", 0) = 0, "", _xlfn.XLOOKUP(C90, ABZ!A:A, ABZ!B:B, "", 0)) -> ENT-UIC-iOS | E90: Übersetzung | F90: PL | I90: =IF(AND(O90<>"",L90<>""),IF((O90-L90)<=2,1,0),0) -> 1 | J90: jazz | K90: 153377 | L90: 46041 | M90: 46043 | N90: =IF(M90<>"",M90-L90,TODAY()-L90) -> 2 | O90: 46043 | P90: =IF(M90="","⏳ Offen",IF(M90<=O90,"✅ Ja","❌ Nein")) -> ✅ Ja | Q90: Yabylon | S90: FSC | T90: geliefert | U90: Z:\Produkte\F!Apps\FappMyF\GUI\iOS\polnisch\2026.01
B91: MyFapp_20260119-de-SL.xliff | C91: TBh | D91: =IF(_xlfn.XLOOKUP(C91, ABZ!A:A, ABZ!B:B, "", 0) = 0, "", _xlfn.XLOOKUP(C91, ABZ!A:A, ABZ!B:B, "", 0)) -> ENT-UIC-iOS | E91: Übersetzung | F91: SL | I91: =IF(AND(O91<>"",L91<>""),IF((O91-L91)<=2,1,0),0) -> 1 | J91: jazz | K91: 153377 | L91: 46041 | M91: 46043 | N91: =IF(M91<>"",M91-L91,TODAY()-L91) -> 2 | O91: 46043 | P91: =IF(M91="","⏳ Offen",IF(M91<=O91,"✅ Ja","❌ Nein")) -> ✅ Ja | Q91: Yabylon | S91: FSC | T91: geliefert | U91: Z:\Produkte\F!Apps\FappMyF\GUI\iOS\slowenisch\2026.01
B92: MyFapp_20260119-de-US.xliff | C92: TBh | D92: =IF(_xlfn.XLOOKUP(C92, ABZ!A:A, ABZ!B:B, "", 0) = 0, "", _xlfn.XLOOKUP(C92, ABZ!A:A, ABZ!B:B, "", 0)) -> ENT-UIC-iOS | E92: Übersetzung | F92: EN | I92: =IF(AND(O92<>"",L92<>""),IF((O92-L92)<=2,1,0),0) -> 1 | J92: jazz | K92: 153377 | L92: 46041 | M92: 46043 | N92: =IF(M92<>"",M92-L92,TODAY()-L92) -> 2 | O92: 46043 | P92: =IF(M92="","⏳ Offen",IF(M92<=O92,"✅ Ja","❌ Nein")) -> ✅ Ja | Q92: SRI | S92: FSC | T92: geliefert | U92: Z:\Produkte\F!Apps\FappMyF\GUI\iOS\englisch\2026.01
B93: Ankuendigung_FRITZ!Box_6850_5G_v2_Edition_International-de.docx | C93: Apa | D93: =IF(_xlfn.XLOOKUP(C93, ABZ!A:A, ABZ!B:B, "", 0) = 0, "", _xlfn.XLOOKUP(C93, ABZ!A:A, ABZ!B:B, "", 0)) -> VTR-CS-CM-Retail | E93: Lektorat | F93: NL | G93: 678 | H93: 1 | I93: =IF(AND(O93<>"",L93<>""),IF((O93-L93)<=2,1,0),0) -> 1 | L93: 46042 | M93: 46048 | N93: =IF(M93<>"",M93-L93,TODAY()-L93) -> 6 | O93: 46043 | P93: =IF(M93="","⏳ Offen",IF(M93<=O93,"✅ Ja","❌ Nein")) -> ❌ Nein | Q93: FSC | S93: HME | T93: geliefert | U93: Z:\Produkte\Texte Web, Marketing, etc\deutsch\2026.01
B94: Ankuendigung_FRITZ!Box_6850_5G_v2_Edition_International-de.docx | C94: Apa | D94: =IF(_xlfn.XLOOKUP(C94, ABZ!A:A, ABZ!B:B, "", 0) = 0, "", _xlfn.XLOOKUP(C94, ABZ!A:A, ABZ!B:B, "", 0)) -> VTR-CS-CM-Retail | E94: Übersetzung | F94: EN | G94: 678 | I94: =IF(AND(O94<>"",L94<>""),IF((O94-L94)<=2,1,0),0) -> 0 | L94: 46042 | M94: 46048 | N94: =IF(M94<>"",M94-L94,TODAY()-L94) -> 6 | O94: 46051 | P94: =IF(M94="","⏳ Offen",IF(M94<=O94,"✅ Ja","❌ Nein")) -> ✅ Ja | Q94: JKI | R94: LSP | S94: HME | T94: geliefert | U94: Z:\Produkte\Texte Web, Marketing, etc\deutsch\2026.01
B95: Ankuendigung_FRITZ!Box_6850_5G_v2_Edition_International-de.docx | C95: Apa | D95: =IF(_xlfn.XLOOKUP(C95, ABZ!A:A, ABZ!B:B, "", 0) = 0, "", _xlfn.XLOOKUP(C95, ABZ!A:A, ABZ!B:B, "", 0)) -> VTR-CS-CM-Retail | E95: Übersetzung | F95: NL | G95: 678 | I95: =IF(AND(O95<>"",L95<>""),IF((O95-L95)<=2,1,0),0) -> 0 | L95: 46042 | M95: 46048 | N95: =IF(M95<>"",M95-L95,TODAY()-L95) -> 6 | O95: 46051 | P95: =IF(M95="","⏳ Offen",IF(M95<=O95,"✅ Ja","❌ Nein")) -> ✅ Ja | Q95: Cristin | R95: LBO | S95: HME | T95: geliefert | U95: Z:\Produkte\Texte Web, Marketing, etc\deutsch\2026.01
B96: Ankuendigung_FRITZ!Box_6850_5G_v2_Edition_International-de.docx | C96: Apa | D96: =IF(_xlfn.XLOOKUP(C96, ABZ!A:A, ABZ!B:B, "", 0) = 0, "", _xlfn.XLOOKUP(C96, ABZ!A:A, ABZ!B:B, "", 0)) -> VTR-CS-CM-Retail | E96: Übersetzung | F96: NL | G96: 678 | I96: =IF(AND(O96<>"",L96<>""),IF((O96-L96)<=2,1,0),0) -> 0 | L96: 46042 | M96: 46048 | N96: =IF(M96<>"",M96-L96,TODAY()-L96) -> 6 | O96: 46051 | P96: =IF(M96="","⏳ Offen",IF(M96<=O96,"✅ Ja","❌ Nein")) -> ✅ Ja | Q96: ADU | S96: HME | T96: geliefert | U96: Z:\Produkte\Texte Web, Marketing, etc\deutsch\2026.01
B97: Ankuendigung_FRITZ!Box_6850_5G_v2_Edition_International-de.docx | C97: Apa | D97: =IF(_xlfn.XLOOKUP(C97, ABZ!A:A, ABZ!B:B, "", 0) = 0, "", _xlfn.XLOOKUP(C97, ABZ!A:A, ABZ!B:B, "", 0)) -> VTR-CS-CM-Retail | E97: Übersetzung | F97: NL | G97: 678 | I97: =IF(AND(O97<>"",L97<>""),IF((O97-L97)<=2,1,0),0) -> 0 | L97: 46042 | M97: 46048 | N97: =IF(M97<>"",M97-L97,TODAY()-L97) -> 6 | O97: 46051 | P97: =IF(M97="","⏳ Offen",IF(M97<=O97,"✅ Ja","❌ Nein")) -> ✅ Ja | Q97: MSZ | S97: HME | T97: geliefert | U97: Z:\Produkte\Texte Web, Marketing, etc\deutsch\2026.01
B98: Ankuendigung_FRITZ!Box_6850_5G_v2_Edition_International-de.docx | C98: Apa | D98: =IF(_xlfn.XLOOKUP(C98, ABZ!A:A, ABZ!B:B, "", 0) = 0, "", _xlfn.XLOOKUP(C98, ABZ!A:A, ABZ!B:B, "", 0)) -> VTR-CS-CM-Retail | E98: Übersetzung | F98: ES | G98: 678 | I98: =IF(AND(O98<>"",L98<>""),IF((O98-L98)<=2,1,0),0) -> 0 | L98: 46042 | M98: 46048 | N98: =IF(M98<>"",M98-L98,TODAY()-L98) -> 6 | O98: 46051 | P98: =IF(M98="","⏳ Offen",IF(M98<=O98,"✅ Ja","❌ Nein")) -> ✅ Ja | Q98: AMZ | R98: HME | S98: HME | T98: geliefert | U98: Z:\Produkte\Texte Web, Marketing, etc\deutsch\2026.01
B99: dsgvo-loeschanfrage-d2c-daten-de.docx | C99: JKs | D99: =IF(_xlfn.XLOOKUP(C99, ABZ!A:A, ABZ!B:B, "", 0) = 0, "", _xlfn.XLOOKUP(C99, ABZ!A:A, ABZ!B:B, "", 0)) -> SUP-KS-Verwaltung | E99: Übersetzung | F99: PL | I99: =IF(AND(O99<>"",L99<>""),IF((O99-L99)<=2,1,0),0) -> 1 | J99: LS-Tracker | L99: 46042 | M99: 46043 | N99: =IF(M99<>"",M99-L99,TODAY()-L99) -> 1 | O99: 46044 | P99: =IF(M99="","⏳ Offen",IF(M99<=O99,"✅ Ja","❌ Nein")) -> ✅ Ja | Q99: Yabylon | S99: FSC | T99: geliefert | U99: Z:\Produkte\D2C\deutsch\2026.01
B100: OH_FRep_Sm24p2_v3-2026-01-20_D-00000089_T-00000956_EngineeringModules_de-DE_en-GB.xml | C100: Cmi | D100: =IF(_xlfn.XLOOKUP(C100, ABZ!A:A, ABZ!B:B, "", 0) = 0, "", _xlfn.XLOOKUP(C100, ABZ!A:A, ABZ!B:B, "", 0)) -> SUP-TCO-KnowledgeManagement | E100: Übersetzung | F100: EN | I100: =IF(AND(O100<>"",L100<>""),IF((O100-L100)<=2,1,0),0) -> 1 | J100: jazz | K100: 154071 | L100: 46042 | M100: 46043 | N100: =IF(M100<>"",M100-L100,TODAY()-L100) -> 1 | O100: 46044 | P100: =IF(M100="","⏳ Offen",IF(M100<=O100,"✅ Ja","❌ Nein")) -> ✅ Ja | Q100: JKI | S100: MSI | T100: geliefert | U100: Z:\International\Tico\work\2026-01-20_D-00000089_T-00000956_de-DE_en-GB.xml
B101: OH_FRep_Sm24p2_v3-2026-01-20_D-00000089_T-00000954_EngineeringModules_de-DE_it-IT.xml | C101: Cmi | D101: =IF(_xlfn.XLOOKUP(C101, ABZ!A:A, ABZ!B:B, "", 0) = 0, "", _xlfn.XLOOKUP(C101, ABZ!A:A, ABZ!B:B, "", 0)) -> SUP-TCO-KnowledgeManagement | E101: Übersetzung | F101: IT | I101: =IF(AND(O101<>"",L101<>""),IF((O101-L101)<=2,1,0),0) -> 1 | J101: jazz | K101: 154071 | L101: 46042 | M101: 46042 | N101: =IF(M101<>"",M101-L101,TODAY()-L101) -> 0 | O101: 46044 | P101: =IF(M101="","⏳ Offen",IF(M101<=O101,"✅ Ja","❌ Nein")) -> ✅ Ja | Q101: LBO | S101: MSI | T101: geliefert | U101: Z:\International\Tico\work\2026-01-20_D-00000089_T-00000954_de-DE_it-IT.xml
B102: OH_FRep_Sm24p2_v3-2026-01-20_D-00000089_T-00000955_EngineeringModules_de-DE_nl-NL.xml | C102: Cmi | D102: =IF(_xlfn.XLOOKUP(C102, ABZ!A:A, ABZ!B:B, "", 0) = 0, "", _xlfn.XLOOKUP(C102, ABZ!A:A, ABZ!B:B, "", 0)) -> SUP-TCO-KnowledgeManagement | E102: Übersetzung | F102: NL | I102: =IF(AND(O102<>"",L102<>""),IF((O102-L102)<=2,1,0),0) -> 0 | J102: jazz | K102: 154071 | L102: 46042 | M102: 46045 | N102: =IF(M102<>"",M102-L102,TODAY()-L102) -> 3 | O102: 46045 | P102: =IF(M102="","⏳ Offen",IF(M102<=O102,"✅ Ja","❌ Nein")) -> ✅ Ja | Q102: ADU | S102: MSI | T102: geliefert | U102: Z:\International\Tico\work\2026-01-20_D-00000089_T-00000955_de-DE_nl-NL.xml\untranslated
B103: OH_FRep_Sm24p2_v3-2026-01-20_D-00000089_T-00000953_EngineeringModules_de-DE_es-ES.xml | C103: Cmi | D103: =IF(_xlfn.XLOOKUP(C103, ABZ!A:A, ABZ!B:B, "", 0) = 0, "", _xlfn.XLOOKUP(C103, ABZ!A:A, ABZ!B:B, "", 0)) -> SUP-TCO-KnowledgeManagement | E103: Übersetzung | F103: NL | I103: =IF(AND(O103<>"",L103<>""),IF((O103-L103)<=2,1,0),0) -> 1 | J103: jazz | K103: 154071 | L103: 46042 | M103: 46042 | N103: =IF(M103<>"",M103-L103,TODAY()-L103) -> 0 | O103: 46044 | P103: =IF(M103="","⏳ Offen",IF(M103<=O103,"✅ Ja","❌ Nein")) -> ✅ Ja | Q103: HME | S103: MSI | T103: geliefert | U103: Z:\International\Tico\work\2026-01-20_D-00000089_T-00000953_de-DE_es-ES.xml\untranslated
...

Sheet ABZ
A1: ADo | B1: ENT-Anwendungen
A2: AGi | B2: VTR-CS-SER-PartnerCommunication
A3: AKh | B3: KOM-Marketing
A4: ALb | B4: ENT-BA-GUI-Basis
A5: ALp | B5: KOM-PR
A6: ALe | B6: VTR-ChannelSales-CS
A7: APa | B7: VTR-CS-CM-Retail
A8: ASr | B8: VTR-PS-ProjectManagement
A9: ATc | B9: D2C-MarketingContent
A10: AZe | B10: ENT-WM-iOS-Apps
A11: AZi | B11: ENT-PM-F-Box
A12: Bal | B12: KOM-Marketing
... A124: EFH | B124: KOM-PR
