Workbook

Sheet 2025
A1: Aufträge | B1: Vom | C1: Sprache | D1: Verantwortlich | E1: Jazz | F1: Ablageort | G1: Datum | H1: Lieferung | I1: Deadline | J1: Abteilung | K1: Status
A3: API-Reference-de.docx | B3: TKO | C3: EN | D3: Joe | E3: Mail | F3: Z:\Produkte\Texte Web, Marketing, etc\deutsch\2025.01 | G3: 45660 | H3: 45664 | I3: 45665 | J3: =IF(_xlfn.XLOOKUP(B3, ABZ!A:A, ABZ!B:B, "", 0) = 0, "", _xlfn.XLOOKUP(B3, ABZ!A:A, ABZ!B:B, "", 0)) -> Technical Communication
A4: access-link-delivery-repeater-template_de.properties | B4: MxG | C4: EN | D4: Susan | E4: 137117 | F4: Z:\Produkte\MyFRITZ\deutsch\2024.12\MeshSetUebersetzung\Cloud-Mailing | G4: 45660 | H4: 45663 | I4: 45667 | J4: =IF(_xlfn.XLOOKUP(B4, ABZ!A:A, ABZ!B:B, "", 0) = 0, "", _xlfn.XLOOKUP(B4, ABZ!A:A, ABZ!B:B, "", 0)) -> CloudServices
A5: access-link-delivery-repeater-template_de.properties | B5: MxG | C5: ES | D5: Helena | E5: 137117 | F5: Z:\Produkte\MyFRITZ\deutsch\2024.12\MeshSetUebersetzung\Cloud-Mailing | G5: 45660 | H5: 45670 | I5: 45667 | J5: =IF(_xlfn.XLOOKUP(B5, ABZ!A:A, ABZ!B:B, "", 0) = 0, "", _xlfn.XLOOKUP(B5, ABZ!A:A, ABZ!B:B, "", 0)) -> CloudServices
A6: access-link-delivery-repeater-template_de.properties | B6: MxG | C6: FR | D6: Marie/Martine | E6: 137117 | F6: Z:\Produkte\MyFRITZ\deutsch\2024.12\MeshSetUebersetzung\Cloud-Mailing | G6: 45660 | H6: 45664 | I6: 45667 | J6: =IF(_xlfn.XLOOKUP(B6, ABZ!A:A, ABZ!B:B, "", 0) = 0, "", _xlfn.XLOOKUP(B6, ABZ!A:A, ABZ!B:B, "", 0)) -> CloudServices
A7: access-link-delivery-repeater-template_de.properties | B7: MxG | C7: IT | D7: Laura | E7: 137117 | F7: Z:\Produkte\MyFRITZ\deutsch\2024.12\MeshSetUebersetzung\Cloud-Mailing | G7: 45660 | H7: 45300 | I7: 45667 | J7: =IF(_xlfn.XLOOKUP(B7, ABZ!A:A, ABZ!B:B, "", 0) = 0, "", _xlfn.XLOOKUP(B7, ABZ!A:A, ABZ!B:B, "", 0)) -> CloudServices
A8: access-link-delivery-repeater-template_de.properties | B8: MxG | C8: NL | D8: Angelique | E8: 137117 | F8: Z:\Produkte\MyFRITZ\deutsch\2024.12\MeshSetUebersetzung\Cloud-Mailing | G8: 45660 | H8: 45666 | I8: 45667 | J8: =IF(_xlfn.XLOOKUP(B8, ABZ!A:A, ABZ!B:B, "", 0) = 0, "", _xlfn.XLOOKUP(B8, ABZ!A:A, ABZ!B:B, "", 0)) -> CloudServices
A9: botnet-detected-notification-repeater-template_de.properties | B9: MxG | C9: EN | D9: Susan | E9: 137117 | F9: Z:\Produkte\MyFRITZ\deutsch\2024.12\MeshSetUebersetzung\Cloud-Mailing | G9: 45660 | H9: 45663 | I9: 45667 | J9: =IF(_xlfn.XLOOKUP(B9, ABZ!A:A, ABZ!B:B, "", 0) = 0, "", _xlfn.XLOOKUP(B9, ABZ!A:A, ABZ!B:B, "", 0)) -> CloudServices
A10: botnet-detected-notification-repeater-template_de.properties | B10: MxG | C10: ES | D10: Helena | E10: 137117 | F10: Z:\Produkte\MyFRITZ\deutsch\2024.12\MeshSetUebersetzung\Cloud-Mailing | G10: 45660 | H10: 45670 | I10: 45667 | J10: =IF(_xlfn.XLOOKUP(B10, ABZ!A:A, ABZ!B:B, "", 0) = 0, "", _xlfn.XLOOKUP(B10, ABZ!A:A, ABZ!B:B, "", 0)) -> CloudServices
A11: botnet-detected-notification-repeater-template_de.properties | B11: MxG | C11: FR | D11: Marie/Martine | E11: 137117 | F11: Z:\Produkte\MyFRITZ\deutsch\2024.12\MeshSetUebersetzung\Cloud-Mailing | G11: 45660 | H11: 45664 | I11: 45667 | J11: =IF(_xlfn.XLOOKUP(B11, ABZ!A:A, ABZ!B:B, "", 0) = 0, "", _xlfn.XLOOKUP(B11, ABZ!A:A, ABZ!B:B, "", 0)) -> CloudServices
A12: botnet-detected-notification-repeater-template_de.properties | B12: MxG | C12: IT | D12: Laura | E12: 137117 | F12: Z:\Produkte\MyFRITZ\deutsch\2024.12\MeshSetUebersetzung\Cloud-Mailing | G12: 45660 | H12: 45300 | I12: 45667 | J12: =IF(_xlfn.XLOOKUP(B12, ABZ!A:A, ABZ!B:B, "", 0) = 0, "", _xlfn.XLOOKUP(B12, ABZ!A:A, ABZ!B:B, "", 0)) -> CloudServices
A13: botnet-detected-notification-repeater-template_de.properties | B13: MxG | C13: NL | D13: Angelique | E13: 137117 | F13: Z:\Produkte\MyFRITZ\deutsch\2024.12\MeshSetUebersetzung\Cloud-Mailing | G13: 45660 | H13: 45666 | I13: 45667 | J13: =IF(_xlfn.XLOOKUP(B13, ABZ!A:A, ABZ!B:B, "", 0) = 0, "", _xlfn.XLOOKUP(B13, ABZ!A:A, ABZ!B:B, "", 0)) -> CloudServices
A14: confirm-box-repeater_de.properties | B14: MxG | C14: EN | D14: Susan | E14: 137117 | F14: Z:\Produkte\MyFRITZ\deutsch\2024.12\MeshSetUebersetzung\Box-Management | G14: 45660 | H14: 45663 | I14: 45667 | J14: =IF(_xlfn.XLOOKUP(B14, ABZ!A:A, ABZ!B:B, "", 0) = 0, "", _xlfn.XLOOKUP(B14, ABZ!A:A, ABZ!B:B, "", 0)) -> CloudServices
A15: confirm-box-repeater_de.properties | B15: MxG | C15: ES | D15: Helena | E15: 137117 | F15: Z:\Produkte\MyFRITZ\deutsch\2024.12\MeshSetUebersetzung\Box-Management | G15: 45660 | H15: 45670 | I15: 45667 | J15: =IF(_xlfn.XLOOKUP(B15, ABZ!A:A, ABZ!B:B, "", 0) = 0, "", _xlfn.XLOOKUP(B15, ABZ!A:A, ABZ!B:B, "", 0)) -> CloudServices
... A83: update-succeeded-notification-repeater-template_de.properties | B83: MxG | C83: NL | D83: Angelique | E83: 137117 | F83: Z:\Produkte\MyFRITZ\deutsch\2024.12\MeshSetUebersetzung\Cloud-Mailing | G83: 45660 | H83: 45666 | I83: 45667 | J83: =IF(_xlfn.XLOOKUP(B83, ABZ!A:A, ABZ!B:B, "", 0) = 0, "", _xlfn.XLOOKUP(B83, ABZ!A:A, ABZ!B:B, "", 0)) -> CloudServices
A85: Gewinnerbenachrichtigung-Du-Form-de.docx | B85: Pse | C85: NL | D85: Angelique | F85: Z:\Produkte\Texte Web, Marketing, etc\deutsch\2025.01 | G85: 45665 | H85: 45667 | J85: =IF(_xlfn.XLOOKUP(B85, ABZ!A:A, ABZ!B:B, "", 0) = 0, "", _xlfn.XLOOKUP(B85, ABZ!A:A, ABZ!B:B, "", 0)) -> Channel Sales
A86: Gewinnerbenachrichtigung-Du-Form-de.docx | B86: Pse | C86: ES | D86: Marta/Helena | F86: Z:\Produkte\Texte Web, Marketing, etc\deutsch\2025.01 | G86: 45665 | H86: 45667 | J86: =IF(_xlfn.XLOOKUP(B86, ABZ!A:A, ABZ!B:B, "", 0) = 0, "", _xlfn.XLOOKUP(B86, ABZ!A:A, ABZ!B:B, "", 0)) -> Channel Sales
A87: Gewinnerbenachrichtigung-Du-Form-de.docx | B87: Pse | C87: IT | D87: Crisitna/Laura | F87: Z:\Produkte\Texte Web, Marketing, etc\deutsch\2025.01 | G87: 45665 | H87: 45301 | J87: =IF(_xlfn.XLOOKUP(B87, ABZ!A:A, ABZ!B:B, "", 0) = 0, "", _xlfn.XLOOKUP(B87, ABZ!A:A, ABZ!B:B, "", 0)) -> Channel Sales
A88: Newsletter ES Jan25.docx | B88: Jwg | C88: ES | D88: Marta/Helena | F88: Z:\Produkte\Texte Web, Marketing, etc\deutsch\2025.01 | G88: 45665 | H88: 45670 | I88: 45671 | J88: =IF(_xlfn.XLOOKUP(B88, ABZ!A:A, ABZ!B:B, "", 0) = 0, "", _xlfn.XLOOKUP(B88, ABZ!A:A, ABZ!B:B, "", 0)) -> Channel Sales
A89: FR_Amazon_Brand_Store_Texte_Übersetzungsbüro.docx | B89: apa | C89: FR | D89: Marie | F89: Z:\Produkte\Texte Web, Marketing, etc\deutsch\2025.01 | G89: 45666 | H89: 45674 | I89: 45672 | J89: =IF(_xlfn.XLOOKUP(B89, ABZ!A:A, ABZ!B:B, "", 0) = 0, "", _xlfn.XLOOKUP(B89, ABZ!A:A, ABZ!B:B, "", 0)) -> Sales Marketing
A90: 20241203_Provider International Pitch_1-16-de.pptx | B90: PWI | C90: EN | D90: Susan | F90: Z:\Produkte\Texte Web, Marketing, etc\deutsch\2025.01 | G90: 45667 | H90: 45670 | I90: 45671 | J90: =IF(_xlfn.XLOOKUP(B90, ABZ!A:A, ABZ!B:B, "", 0) = 0, "", _xlfn.XLOOKUP(B90, ABZ!A:A, ABZ!B:B, "", 0)) -> Sales Marketing
A91: Mesh Set 3000_[DE-Vorlage].idml | B91: Ost | C91: EN | D91: Susan | F91: Z:\Produkte\F!WLAN Repeater\Mesh Set 3000 (1200 AX)\international\2025.01\UeM | G91: 45667 | H91: 45670 | I91: 45672 | J91: =IF(_xlfn.XLOOKUP(B91, ABZ!A:A, ABZ!B:B, "", 0) = 0, "", _xlfn.XLOOKUP(B91, ABZ!A:A, ABZ!B:B, "", 0)) -> Technical Communication
A92: Mesh Set 3000_[DE-Vorlage].idml | B92: Ost | C92: FR | D92: Marie | F92: Z:\Produkte\F!WLAN Repeater\Mesh Set 3000 (1200 AX)\international\2025.01\UeM | G92: 45667 | H92: 45670 | I92: 45672 | J92: =IF(_xlfn.XLOOKUP(B92, ABZ!A:A, ABZ!B:B, "", 0) = 0, "", _xlfn.XLOOKUP(B92, ABZ!A:A, ABZ!B:B, "", 0)) -> Technical Communication
A93: Mesh Set 3000_[DE-Vorlage].idml | B93: Ost | C93: ES | D93: Helena | F93: Z:\Produkte\F!WLAN Repeater\Mesh Set 3000 (1200 AX)\international\2025.01\UeM | G93: 45667 | H93: 45672 | I93: 45672 | J93: =IF(_xlfn.XLOOKUP(B93, ABZ!A:A, ABZ!B:B, "", 0) = 0, "", _xlfn.XLOOKUP(B93, ABZ!A:A, ABZ!B:B, "", 0)) -> Technical Communication
A94: Mesh Set 3000_[DE-Vorlage].idml | B94: Ost | C94: IT | D94: Laura | F94: Z:\Produkte\F!WLAN Repeater\Mesh Set 3000 (1200 AX)\international\2025.01\UeM | G94: 45667 | H94: 45670 | I94: 45672 | J94: =IF(_xlfn.XLOOKUP(B94, ABZ!A:A, ABZ!B:B, "", 0) = 0, "", _xlfn.XLOOKUP(B94, ABZ!A:A, ABZ!B:B, "", 0)) -> Technical Communication
A95: Mesh Set 3000_[DE-Vorlage].idml | B95: Ost | C95: NL | D95: Angelique | F95: Z:\Produkte\F!WLAN Repeater\Mesh Set 3000 (1200 AX)\international\2025.01\UeM | G95: 45667 | H95: 45672 | I95: 45672 | J95: =IF(_xlfn.XLOOKUP(B95, ABZ!A:A, ABZ!B:B, "", 0) = 0, "", _xlfn.XLOOKUP(B95, ABZ!A:A, ABZ!B:B, "", 0)) -> Technical Communication
A96: Master_HB_Frep_MeshSet_V4-2025-01-10_D-00000082_T-00000762_EngineeringModules_de-DE_en-US.xml | B96: Cmi | C96: EN | D96: Susan | E96: Mail | F96: Z:\International\Tico\work\2025-01-10_D-00000082_T-00000762_de-DE_en-US.xml\untranslated | G96: 45667 | H96: 45670 | I96: 45684 | J96: =IF(_xlfn.XLOOKUP(B96, ABZ!A:A, ABZ!B:B, "", 0) = 0, "", _xlfn.XLOOKUP(B96, ABZ!A:A, ABZ!B:B, "", 0)) -> Technical Communication
A97: Master_HB_Frep_MeshSet_V4-2025-01-10_D-00000082_T-00000765_EngineeringModules_de-DE_it-IT.Fragments.xml | B97: Cmi | C97: IT | D97: Laura | E97: Mail | F97: Z:\International\Tico\work\2025-01-10_D-00000082_T-00000765_de-DE_it-IT.xml\untranslated | G97: 45667 | H97: 45686 | I97: 45684 | J97: =IF(_xlfn.XLOOKUP(B97, ABZ!A:A, ABZ!B:B, "", 0) = 0, "", _xlfn.XLOOKUP(B97, ABZ!A:A, ABZ!B:B, "", 0)) -> Technical Communication
A98: Master_HB_Frep_MeshSet_V4-2025-01-10_D-00000082_T-00000765_EngineeringModules_de-DE_it-IT.xml | B98: Cmi | C98: IT | D98: Laura | E98: Mail | F98: Z:\International\Tico\work\2025-01-10_D-00000082_T-00000765_de-DE_it-IT.xml\untranslated | G98: 45667 | H98: 45686 | I98: 45684 | J98: =IF(_xlfn.XLOOKUP(B98, ABZ!A:A, ABZ!B:B, "", 0) = 0, "", _xlfn.XLOOKUP(B98, ABZ!A:A, ABZ!B:B, "", 0)) -> Technical Communication
A99: Master_HB_Frep_MeshSet_V4-2025-01-10_D-00000082_T-00000764_EngineeringModules_de-DE_es-ES.xml | B99: Cmi | C99: ES | D99: Helena | E99: Mail | F99: Z:\International\Tico\work\2025-01-10_D-00000082_T-00000764_de-DE_es-ES.xml\untranslated | G99: 45667 | H99: 45684 | I99: 45684 | J99: =IF(_xlfn.XLOOKUP(B99, ABZ!A:A, ABZ!B:B, "", 0) = 0, "", _xlfn.XLOOKUP(B99, ABZ!A:A, ABZ!B:B, "", 0)) -> Technical Communication
A100: Master_HB_Frep_MeshSet_V4-2025-01-10_D-00000082_T-00000763_EngineeringModules_de-DE_fr-FR.xml | B100: Cmi | C100: FR | D100: Martine | E100: Mail | F100: Z:\International\Tico\work\2025-01-10_D-00000082_T-00000763_de-DE_fr-FR.xml\untranslated | G100: 45667 | H100: 45670 | I100: 45684 | J100: =IF(_xlfn.XLOOKUP(B100, ABZ!A:A, ABZ!B:B, "", 0) = 0, "", _xlfn.XLOOKUP(B100, ABZ!A:A, ABZ!B:B, "", 0)) -> Technical Communication
A101: Master_HB_Frep_MeshSet_V4-2025-01-10_D-00000082_T-00000766_EngineeringModules_de-DE_nl-NL.xml | B101: Cmi | C101: NL | D101: Angelique | E101: Mail | F101: Z:\International\Tico\work\2025-01-10_D-00000082_T-00000766_de-DE_nl-NL.xml\untranslated | G101: 45667 | H101: 45672 | I101: 45684 | J101: =IF(_xlfn.XLOOKUP(B101, ABZ!A:A, ABZ!B:B, "", 0) = 0, "", _xlfn.XLOOKUP(B101, ABZ!A:A, ABZ!B:B, "", 0)) -> Technical Communication
A102: Newsletter 01_2025-de-nl.docx | B102: PSe | C102: DE | D102: Franziska | E102: Mail | F102: Z:\Produkte\Texte Web, Marketing, etc\deutsch\2025.01 | G102: 45670 | H102: 45670 | I102: 45670 | J102: =IF(_xlfn.XLOOKUP(B102, ABZ!A:A, ABZ!B:B, "", 0) = 0, "", _xlfn.XLOOKUP(B102, ABZ!A:A, ABZ!B:B, "", 0)) -> Channel Sales
A103: Newsletter 01_2025-de-nl.docx | B103: PSe | C103: NL | D103: Angelique | E103: Mail | F103: Z:\Produkte\Texte Web, Marketing, etc\deutsch\2025.01 | G103: 45670 | H103: 45670 | I103: 45670 | J103: =IF(_xlfn.XLOOKUP(B103, ABZ!A:A, ABZ!B:B, "", 0) = 0, "", _xlfn.XLOOKUP(B103, ABZ!A:A, ABZ!B:B, "", 0)) -> Channel Sales
A104: Januar-Newsletter Österreich | B104: PSe | C104: DE | D104: Franziska | E104: Mail | G104: 45670 | H104: 45670 | I104: 45670 | J104: =IF(_xlfn.XLOOKUP(B104, ABZ!A:A, ABZ!B:B, "", 0) = 0, "", _xlfn.XLOOKUP(B104, ABZ!A:A, ABZ!B:B, "", 0)) -> Channel Sales
A105: Januar-Newsletter Schweiz | B105: PSe | C105: DE | D105: Franziska | E105: Mail | G105: 45670 | H105: 45670 | I105: 45670 | J105: =IF(_xlfn.XLOOKUP(B105, ABZ!A:A, ABZ!B:B, "", 0) = 0, "", _xlfn.XLOOKUP(B105, ABZ!A:A, ABZ!B:B, "", 0)) -> Channel Sales
A106: Kick-off_2025-de-en.docx | B106: AGi | C106: DE | D106: Franziska | E106: Mail | F106: Z:\Produkte\Texte Web, Marketing, etc\deutsch\2025.01 | G106: 45671 | H106: 45671 | I106: 45671 | J106: =IF(_xlfn.XLOOKUP(B106, ABZ!A:A, ABZ!B:B, "", 0) = 0, "", _xlfn.XLOOKUP(B106, ABZ!A:A, ABZ!B:B, "", 0)) -> Channel Sales
A107: Kick-off_2025-de-en.docx | B107: AGi | C107: EN | D107: Susan | E107: Mail | F107: Z:\Produkte\Texte Web, Marketing, etc\deutsch\2025.01 | G107: 45671 | H107: 45671 | I107: 45671 | J107: =IF(_xlfn.XLOOKUP(B107, ABZ!A:A, ABZ!B:B, "", 0) = 0, "", _xlfn.XLOOKUP(B107, ABZ!A:A, ABZ!B:B, "", 0)) -> Channel Sales
A108: Master_OLH_F!MeshSet_v3-2025-01-14_D-00000080_T-00000770_EngineeringModules_de-DE_it-IT.xml | B108: Cmi | C108: IT | D108: Laura | E108: Mail | F108: Z:\International\Tico\work\2025-01-14_D-00000080_T-00000770_de-DE_it-IT.xml\untranslated | G108: 45671 | H108: 45688 | I108: 45680 | J108: =IF(_xlfn.XLOOKUP(B108, ABZ!A:A, ABZ!B:B, "", 0) = 0, "", _xlfn.XLOOKUP(B108, ABZ!A:A, ABZ!B:B, "", 0)) -> Technical Communication
A109: Master_OLH_F!MeshSet_v3-2025-01-14_D-00000080_T-00000771_EngineeringModules_de-DE_nl-NL.xml | B109: Cmi | C109: NL | D109: Angelique | E109: Mail | F109: Z:\International\Tico\work\2025-01-14_D-00000080_T-00000771_de-DE_nl-NL.xml\untranslated | G109: 45671 | H109: 45680 | I109: 45680 | J109: =IF(_xlfn.XLOOKUP(B109, ABZ!A:A, ABZ!B:B, "", 0) = 0, "", _xlfn.XLOOKUP(B109, ABZ!A:A, ABZ!B:B, "", 0)) -> Technical Communication
A110: Master_OLH_F!MeshSet_v3-2025-01-14_D-00000080_T-00000769_EngineeringModules_de-DE_es-ES.xml | B110: Cmi | C110: ES | D110: Helena | E110: Mail | F110: Z:\International\Tico\work\2025-01-14_D-00000080_T-00000769_de-DE_es-ES.xml\untranslated | G110: 45671 | H110: 45685 | I110: 45680 | J110: =IF(_xlfn.XLOOKUP(B110, ABZ!A:A, ABZ!B:B, "", 0) = 0, "", _xlfn.XLOOKUP(B110, ABZ!A:A, ABZ!B:B, "", 0)) -> Technical Communication
A111: Master_OLH_F!MeshSet_v3-2025-01-14_D-00000080_T-00000768_EngineeringModules_de-DE_fr-FR.xml | B111: Cmi | C111: FR | D111: Martine | E111: Mail | F111: Z:\International\Tico\work\2025-01-14_D-00000080_T-00000768_de-DE_fr-FR.xml\untranslated | G111: 45671 | H111: 45679 | I111: 45680 | J111: =IF(_xlfn.XLOOKUP(B111, ABZ!A:A, ABZ!B:B, "", 0) = 0, "", _xlfn.XLOOKUP(B111, ABZ!A:A, ABZ!B:B, "", 0)) -> Technical Communication
A112: Master_OLH_F!MeshSet_v3-2025-01-14_D-00000080_T-00000767_EngineeringModules_de-DE_en-US.xml | B112: Cmi | C112: EN | D112: Susan | E112: Mail | F112: Z:\International\Tico\work\2025-01-14_D-00000080_T-00000767_de-DE_en-US.xml\untranslated | G112: 45671 | H112: 45677 | I112: 45680 | J112: =IF(_xlfn.XLOOKUP(B112, ABZ!A:A, ABZ!B:B, "", 0) = 0, "", _xlfn.XLOOKUP(B112, ABZ!A:A, ABZ!B:B, "", 0)) -> Technical Communication
A113: Newsletter_01_2025_de-it.docx | B113: JWg | C113: DE | D113: Franziska | E113: Mail | F113: Z:\Produkte\Texte Web, Marketing, etc\deutsch\2025.01 | G113: 45672 | H113: 45672 | I113: 45672 | J113: =IF(_xlfn.XLOOKUP(B113, ABZ!A:A, ABZ!B:B, "", 0) = 0, "", _xlfn.XLOOKUP(B113, ABZ!A:A, ABZ!B:B, "", 0)) -> Channel Sales
A114: Newsletter_01_2025_de-it.docx | B114: JWg | C114: IT | D114: Cristina/Laura | E114: Mail | F114: Z:\Produkte\Texte Web, Marketing, etc\italienisch\2025.01 | G114: 45672 | H114: 45674 | I114: 45678 | J114: =IF(_xlfn.XLOOKUP(B114, ABZ!A:A, ABZ!B:B, "", 0) = 0, "", _xlfn.XLOOKUP(B114, ABZ!A:A, ABZ!B:B, "", 0)) -> Channel Sales
A115: FB_post_12-1057-1-9-de.docx | B115: ALb | C115: EN | D115: Susan | E115: Mail | F115: Z:\Produkte\F!Box allgemein\GUI-alt\deutsch\2025.01 | G115: 45672 | H115: 45673 | I115: 45674 | J115: =IF(_xlfn.XLOOKUP(B115, ABZ!A:A, ABZ!B:B, "", 0) = 0, "", _xlfn.XLOOKUP(B115, ABZ!A:A, ABZ!B:B, "", 0)) -> User Interface & Clients
A116: FB_post_12-1057-1-9-de.docx | B116: ALb | C116: ES | D116: Helena | E116: Mail | F116: Z:\Produkte\F!Box allgemein\GUI-alt\deutsch\2025.01 | G116: 45672 | H116: 45672 | I116: 45674 | J116: =IF(_xlfn.XLOOKUP(B116, ABZ!A:A, ABZ!B:B, "", 0) = 0, "", _xlfn.XLOOKUP(B116, ABZ!A:A, ABZ!B:B, "", 0)) -> User Interface & Clients
A117: FB_post_12-1057-1-9-de.docx | B117: ALb | C117: FR | D117: Marie/Martine | E117: Mail | F117: Z:\Produkte\F!Box allgemein\GUI-alt\deutsch\2025.01 | G117: 45672 | H117: 45673 | I117: 45674 | J117: =IF(_xlfn.XLOOKUP(B117, ABZ!A:A, ABZ!B:B, "", 0) = 0, "", _xlfn.XLOOKUP(B117, ABZ!A:A, ABZ!B:B, "", 0)) -> User Interface & Clients
... A120: FB_post_12-1057-1-9-de.docx | B120: ALb | C120: PL | D120: Yabylon | E120: Mail | F120: Z:\Produkte\F!Box allgemein\GUI-alt\deutsch\2025.01 | G120: 45672 | H120: 45674 | I120: 45674 | J120: =IF(_xlfn.XLOOKUP(B120, ABZ!A:A, ABZ!B:B, "", 0) = 0, "", _xlfn.XLOOKUP(B120, ABZ!A:A, ABZ!B:B, "", 0)) -> User Interface & Clients
A121: Booklet_350_[DE].idml | B121: Ost | C121: EN | D121: Susan | F121: Z:\Produkte\F!Smart Kurzanleitungen\Control 350\international\2025.01\UeM | G121: 45672 | H121: 45691 | I121: 45691 | J121: =IF(_xlfn.XLOOKUP(B121, ABZ!A:A, ABZ!B:B, "", 0) = 0, "", _xlfn.XLOOKUP(B121, ABZ!A:A, ABZ!B:B, "", 0)) -> Technical Communication
A122: Booklet_350_[DE].idml | B122: Ost | C122: FR | D122: Martine/Marie | F122: Z:\Produkte\F!Smart Kurzanleitungen\Control 350\international\2025.01\UeM | G122: 45672 | H122: 45691 | I122: 45691 | J122: =IF(_xlfn.XLOOKUP(B122, ABZ!A:A, ABZ!B:B, "", 0) = 0, "", _xlfn.XLOOKUP(B122, ABZ!A:A, ABZ!B:B, "", 0)) -> Technical Communication
A123: Booklet_350_[DE].idml | B123: Ost | C123: IT | D123: Laura | F123: Z:\Produkte\F!Smart Kurzanleitungen\Control 350\international\2025.01\UeM | G123: 45672 | H123: 45688 | I123: 45691 | J123: =IF(_xlfn.XLOOKUP(B123, ABZ!A:A, ABZ!B:B, "", 0) = 0, "", _xlfn.XLOOKUP(B123, ABZ!A:A, ABZ!B:B, "", 0)) -> Technical Communication
A124: Booklet_350_[DE].idml | B124: Ost | C124: ES | D124: Helena | F124: Z:\Produkte\F!Smart Kurzanleitungen\Control 350\international\2025.01\UeM | G124: 45672 | H124: 45691 | I124: 45691 | J124: =IF(_xlfn.XLOOKUP(B124, ABZ!A:A, ABZ!B:B, "", 0) = 0, "", _xlfn.XLOOKUP(B124, ABZ!A:A, ABZ!B:B, "", 0)) -> Technical Communication
A125: Booklet_350_[DE].idml | B125: Ost | C125: NL | D125: Angelique | F125: Z:\Produkte\F!Smart Kurzanleitungen\Control 350\international\2025.01\UeM | G125: 45672 | H125: 45325 | I125: 45691 | J125: =IF(_xlfn.XLOOKUP(B125, ABZ!A:A, ABZ!B:B, "", 0) = 0, "", _xlfn.XLOOKUP(B125, ABZ!A:A, ABZ!B:B, "", 0)) -> Technical Communication
A126: 2025-01-09_Wahlordnung_2025-de-en.docx | B126: ASr | C126: DE | D126: Franziska | E126: Mail | F126: Z:\Produkte\Texte Web, Marketing, etc\deutsch\2025.01 | G126: 45673 | H126: 45673 | I126: 45673 | J126: =IF(_xlfn.XLOOKUP(B126, ABZ!A:A, ABZ!B:B, "", 0) = 0, "", _xlfn.XLOOKUP(B126, ABZ!A:A, ABZ!B:B, "", 0)) -> Provider Sales
A127: 2025-01-09_Wahlordnung_2025-de-en.docx | B127: ASr | C127: EN | D127: Joe | E127: Mail | F127: Z:\Produkte\Texte Web, Marketing, etc\deutsch\2025.01 | G127: 45673 | H127: 45677 | I127: 45677 | J127: =IF(_xlfn.XLOOKUP(B127, ABZ!A:A, ABZ!B:B, "", 0) = 0, "", _xlfn.XLOOKUP(B127, ABZ!A:A, ABZ!B:B, "", 0)) -> Provider Sales
A128: 3606_nl-NL_fritz_der_freund_und_helfer_der_polizei_20250116-114517.xml | B128: PSe | C128: NL | D128: Angelique | E128: Mail | F128: Z:\Produkte\Texte Web, Marketing, etc\deutsch\2025.01 | G128: 45673 | H128: 45688 | I128: 45688 | J128: =IF(_xlfn.XLOOKUP(B128, ABZ!A:A, ABZ!B:B, "", 0) = 0, "", _xlfn.XLOOKUP(B128, ABZ!A:A, ABZ!B:B, "", 0)) -> Channel Sales
A129: Mesh Set 3000_[DE-INT].indd | B129: Dha | C129: PT | D129: Yabylon | E129: Mail | F129: Z:\Produkte\F!WLAN Repeater\Mesh Set 3000 (1200 AX)\portugiesisch\2025.01 | G129: 45673 | H129: 45677 | I129: 45677 | J129: =IF(_xlfn.XLOOKUP(B129, ABZ!A:A, ABZ!B:B, "", 0) = 0, "", _xlfn.XLOOKUP(B129, ABZ!A:A, ABZ!B:B, "", 0)) -> Product Management
A130: Projektkonditionen-de.docx | B130: AGi | C130: NL | D130: Angelique | E130: Mail | F130: Z:\Produkte\Texte Web, Marketing, etc\deutsch\2025.01 | G130: 45667 | H130: 45674 | I130: 45674 | J130: =IF(_xlfn.XLOOKUP(B130, ABZ!A:A, ABZ!B:B, "", 0) = 0, "", _xlfn.XLOOKUP(B130, ABZ!A:A, ABZ!B:B, "", 0)) -> Channel Sales
A131: Projektkonditionen-de.docx | B131: AGi | C131: ES | D131: Helena | E131: Mail | F131: Z:\Produkte\Texte Web, Marketing, etc\deutsch\2025.01 | G131: 45667 | H131: 45674 | I131: 45674 | J131: =IF(_xlfn.XLOOKUP(B131, ABZ!A:A, ABZ!B:B, "", 0) = 0, "", _xlfn.XLOOKUP(B131, ABZ!A:A, ABZ!B:B, "", 0)) -> Channel Sales
A132: Projektkonditionen-de.docx | B132: AGi | C132: IT | D132: Laura | E132: Mail | F132: Z:\Produkte\Texte Web, Marketing, etc\italienisch\2025.01 | G132: 45667 | H132: 45674 | I132: 45674 | J132: =IF(_xlfn.XLOOKUP(B132, ABZ!A:A, ABZ!B:B, "", 0) = 0, "", _xlfn.XLOOKUP(B132, ABZ!A:A, ABZ!B:B, "", 0)) -> Channel Sales
A133: 3611_nl-NL_avm_wissensdatenbank_20250117-093832.xml | B133: PSe | C133: NL | D133: Angelique | E133: Mail | F133: Z:\Produkte\Texte Web, Marketing, etc\niederlaendisch\2025.01 | G133: 45674 | H133: 45688 | I133: 45688 | J133: =IF(_xlfn.XLOOKUP(B133, ABZ!A:A, ABZ!B:B, "", 0) = 0, "", _xlfn.XLOOKUP(B133, ABZ!A:A, ABZ!B:B, "", 0)) -> Channel Sales
A134: 3609_it-IT_avm_wissensdatenbank_20250117-093909.xml | B134: PSe | C134: IT | D134: Cristina/Laura | E134: Mail | F134: Z:\Produkte\Texte Web, Marketing, etc\italienisch\2025.01 | G134: 45674 | H134: 45688 | I134: 45688 | J134: =IF(_xlfn.XLOOKUP(B134, ABZ!A:A, ABZ!B:B, "", 0) = 0, "", _xlfn.XLOOKUP(B134, ABZ!A:A, ABZ!B:B, "", 0)) -> Channel Sales
A135: 3612_es-ES_avm_wissensdatenbank_20250117-094010.xml | B135: PSe | C135: ES | D135: Marta/Helena | E135: Mail | F135: Z:\Produkte\Texte Web, Marketing, etc\spanisch\2025.01 | G135: 45674 | H135: 45688 | I135: 45688 | J135: =IF(_xlfn.XLOOKUP(B135, ABZ!A:A, ABZ!B:B, "", 0) = 0, "", _xlfn.XLOOKUP(B135, ABZ!A:A, ABZ!B:B, "", 0)) -> Channel Sales
A136: AlpArray Voice Over.docx | B136: GPr | C136: NL | D136: Marion | E136: Mail | F136: Z:\Produkte\Texte Web, Marketing, etc\niederlaendisch\2025.01 | G136: 45674 | H136: 45684 | I136: 45700 | J136: =IF(_xlfn.XLOOKUP(B136, ABZ!A:A, ABZ!B:B, "", 0) = 0, "", _xlfn.XLOOKUP(B136, ABZ!A:A, ABZ!B:B, "", 0)) -> Sales Marketing
A137: FappBoxSetup_20250116-de.xliff | B137: KNu | C137: DE | D137: Franziska | E137: 137614 | F137: Z:\Produkte\F!Apps\FappBoxSetup\deutsch\2025.01 | G137: 45673 | H137: 45674 | I137: 45674 | J137: =IF(_xlfn.XLOOKUP(B137, ABZ!A:A, ABZ!B:B, "", 0) = 0, "", _xlfn.XLOOKUP(B137, ABZ!A:A, ABZ!B:B, "", 0)) -> User Interface & Clients
A138: MyFapp_20251601-de.xliff | B138: KNu | C138: DE | D138: Franziska | E138: 137963 | F138: Z:\Produkte\F!Apps\FappMyF\GUI\iOS\deutsch\2025.01 | G138: 45673 | H138: 45674 | I138: 45674 | J138: =IF(_xlfn.XLOOKUP(B138, ABZ!A:A, ABZ!B:B, "", 0) = 0, "", _xlfn.XLOOKUP(B138, ABZ!A:A, ABZ!B:B, "", 0)) -> User Interface & Clients
A139: einladung_MWC_2025_de | B139: Bal | C139: EN | D139: Susan | F139: Z:\Produkte\Texte Web, Marketing, etc\deutsch\2025.01 | G139: 45677 | H139: 44216 | I139: 45677 | J139: =IF(_xlfn.XLOOKUP(B139, ABZ!A:A, ABZ!B:B, "", 0) = 0, "", _xlfn.XLOOKUP(B139, ABZ!A:A, ABZ!B:B, "", 0)) -> Corporate Communications
A140: 20250114_Ankuendigung_AVM_Mesh Set 4200_Edition_INT_DE_Final.docx | B140: APa | C140: DE | D140: Franziska | F140: Z:\Produkte\Texte Web, Marketing, etc\deutsch\2025.01 | G140: 45677 | H140: 45677 | I140: 45677 | J140: =IF(_xlfn.XLOOKUP(B140, ABZ!A:A, ABZ!B:B, "", 0) = 0, "", _xlfn.XLOOKUP(B140, ABZ!A:A, ABZ!B:B, "", 0)) -> Sales Marketing
A141: 20250114_Ankuendigung_AVM_Mesh Set 4200_Edition_INT_DE_Final.docx | B141: Apa | C141: EN | D141: Joe | F141: Z:\Produkte\Texte Web, Marketing, etc\deutsch\2025.01 | G141: 45677 | H141: 45678 | I141: 45684 | J141: =IF(_xlfn.XLOOKUP(B141, ABZ!A:A, ABZ!B:B, "", 0) = 0, "", _xlfn.XLOOKUP(B141, ABZ!A:A, ABZ!B:B, "", 0)) -> Sales Marketing
A142: 20250114_Ankuendigung_AVM_Mesh Set 4200_Edition_INT_DE_Final.docx | B142: Apa | C142: FR | D142: Marie/Martine | F142: Z:\Produkte\Texte Web, Marketing, etc\deutsch\2025.01 | G142: 45677 | H142: 45678 | I142: 45684 | J142: =IF(_xlfn.XLOOKUP(B142, ABZ!A:A, ABZ!B:B, "", 0) = 0, "", _xlfn.XLOOKUP(B142, ABZ!A:A, ABZ!B:B, "", 0)) -> Sales Marketing
A143: 20250114_Ankuendigung_AVM_Mesh Set 4200_Edition_INT_DE_Final.docx | B143: Apa | C143: IT | D143: Cristina/Laura | F143: Z:\Produkte\Texte Web, Marketing, etc\deutsch\2025.01 | G143: 45677 | H143: 45686 | I143: 45684 | J143: =IF(_xlfn.XLOOKUP(B143, ABZ!A:A, ABZ!B:B, "", 0) = 0, "", _xlfn.XLOOKUP(B143, ABZ!A:A, ABZ!B:B, "", 0)) -> Sales Marketing
A144: 20250114_Ankuendigung_AVM_Mesh Set 4200_Edition_INT_DE_Final.docx | B144: Apa | C144: NL | D144: Angelique | F144: Z:\Produkte\Texte Web, Marketing, etc\deutsch\2025.01 | G144: 45677 | H144: 45800 | I144: 45684 | J144: =IF(_xlfn.XLOOKUP(B144, ABZ!A:A, ABZ!B:B, "", 0) = 0, "", _xlfn.XLOOKUP(B144, ABZ!A:A, ABZ!B:B, "", 0)) -> Sales Marketing
A145: 20250114_Ankuendigung_AVM_Mesh Set 4200_Edition_INT_DE_Final.docx | B145: Apa | C145: ES | D145: Marta/Helena | F145: Z:\Produkte\Texte Web, Marketing, etc\deutsch\2025.01 | G145: 45677 | H145: 45685 | I145: 45684 | J145: =IF(_xlfn.XLOOKUP(B145, ABZ!A:A, ABZ!B:B, "", 0) = 0, "", _xlfn.XLOOKUP(B145, ABZ!A:A, ABZ!B:B, "", 0)) -> Sales Marketing
A146: 20250114_Ankuendigung_AVM_Mesh Set 4200_Edition_INT_DE_Final.docx | B146: Apa | C146: PL | D146: Yabylon | F146: Z:\Produkte\Texte Web, Marketing, etc\deutsch\2025.01 | G146: 45677 | H146: 45681 | I146: 45684 | J146: =IF(_xlfn.XLOOKUP(B146, ABZ!A:A, ABZ!B:B, "", 0) = 0, "", _xlfn.XLOOKUP(B146, ABZ!A:A, ABZ!B:B, "", 0)) -> Sales Marketing
A147: MyFApp_20250120-de-FR.xliff | B147: KNu | C147: FR | D147: Martine | E147: 137614 | F147: Z:\Produkte\F!Apps\FappMyF\GUI\iOS\franzoesisch\2025.01 | G147: 45677 | H147: 45679 | I147: 45680 | J147: =IF(_xlfn.XLOOKUP(B147, ABZ!A:A, ABZ!B:B, "", 0) = 0, "", _xlfn.XLOOKUP(B147, ABZ!A:A, ABZ!B:B, "", 0)) -> User Interface & Clients
A148: MyFApp_20250120-de-NL.xliff | B148: KNu | C148: NL | D148: Angelique | E148: 137614 | F148: Z:\Produkte\F!Apps\FappMyF\GUI\iOS\niederlaendisch\2025.01 | G148: 45677 | H148: 45679 | I148: 45680 | J148: =IF(_xlfn.XLOOKUP(B148, ABZ!A:A, ABZ!B:B, "", 0) = 0, "", _xlfn.XLOOKUP(B148, ABZ!A:A, ABZ!B:B, "", 0)) -> User Interface & Clients
A149: MyFApp_20250120-de-ES.xliff | B149: KNu | C149: ES | D149: Helena | E149: 137614 | F149: Z:\Produkte\F!Apps\FappMyF\GUI\iOS\spanisch\2025.01 | G149: 45677 | H149: 45679 | I149: 45680 | J149: =IF(_xlfn.XLOOKUP(B149, ABZ!A:A, ABZ!B:B, "", 0) = 0, "", _xlfn.XLOOKUP(B149, ABZ!A:A, ABZ!B:B, "", 0)) -> User Interface & Clients
A150: MyFApp_20250120-de-IT.xliff | B150: KNu | C150: IT | D150: Laura | E150: 137614 | F150: Z:\Produkte\F!Apps\FappMyF\GUI\iOS\italienisch\2025.01 | G150: 45677 | H150: 45679 | I150: 45680 | J150: =IF(_xlfn.XLOOKUP(B150, ABZ!A:A, ABZ!B:B, "", 0) = 0, "", _xlfn.XLOOKUP(B150, ABZ!A:A, ABZ!B:B, "", 0)) -> User Interface & Clients
A151: MyFApp_20250120-de-PL.xliff | B151: KNu | C151: PL | D151: Yabylon | E151: 137614 | F151: Z:\Produkte\F!Apps\FappMyF\GUI\iOS\polnisch\2025.01 | G151: 45677 | H151: 45681 | I151: 45680 | J151: =IF(_xlfn.XLOOKUP(B151, ABZ!A:A, ABZ!B:B, "", 0) = 0, "", _xlfn.XLOOKUP(B151, ABZ!A:A, ABZ!B:B, "", 0)) -> User Interface & Clients
A152: MyFApp_20250120-de-US.xliff | B152: KNu | C152: EN | D152: Joe | E152: 137614 | F152: Z:\Produkte\F!Apps\FappMyF\GUI\iOS\englisch\2025.01 | G152: 45677 | H152: 45313 | I152: 45680 | J152: =IF(_xlfn.XLOOKUP(B152, ABZ!A:A, ABZ!B:B, "", 0) = 0, "", _xlfn.XLOOKUP(B152, ABZ!A:A, ABZ!B:B, "", 0)) -> User Interface & Clients
A153: Vertriebs-kick-off_2-de-en.docx | B153: AGi | C153: DE | D153: Franziska | E153: Mail | F153: Z:\Produkte\Texte Web, Marketing, etc\deutsch\2025.01 | G153: 45677 | H153: 45677 | I153: 45677 | J153: =IF(_xlfn.XLOOKUP(B153, ABZ!A:A, ABZ!B:B, "", 0) = 0, "", _xlfn.XLOOKUP(B153, ABZ!A:A, ABZ!B:B, "", 0)) -> Channel Sales
A154: Vertriebs-kick-off_2-de-en.docx | B154: AGi | C154: EN | D154: Lisa | E154: Mail | F154: Z:\Produkte\Texte Web, Marketing, etc\deutsch\2025.01 | G154: 45677 | H154: 45684 | I154: 45684 | J154: =IF(_xlfn.XLOOKUP(B154, ABZ!A:A, ABZ!B:B, "", 0) = 0, "", _xlfn.XLOOKUP(B154, ABZ!A:A, ABZ!B:B, "", 0)) -> Channel Sales
A155: Die Barrierefreiheit von IT-Produkten-de.docx | B155: LLE | C155: EN | D155: Joe | E155: Mail | F155: Z:\Produkte\Texte Web, Marketing, etc\deutsch\2025.01 | G155: 45677 | H155: 45678 | I155: 45680 | J155: =IF(_xlfn.XLOOKUP(B155, ABZ!A:A, ABZ!B:B, "", 0) = 0, "", _xlfn.XLOOKUP(B155, ABZ!A:A, ABZ!B:B, "", 0)) -> Technical Communication
A156: FRITZ!Repeater 1200 AX_ITA-de-it.docx | B156: EUL | C156: IT | D156: Laura | E156: Mail | F156: Z:\Produkte\Texte Web, Marketing, etc\deutsch\2025.01 | G156: 45677 | H156: 45678 | I156: 45678 | J156: =IF(_xlfn.XLOOKUP(B156, ABZ!A:A, ABZ!B:B, "", 0) = 0, "", _xlfn.XLOOKUP(B156, ABZ!A:A, ABZ!B:B, "", 0)) -> Corporate Communications
A157: Vertriebs-kick-off_2-de-en.docx | B157: BAl | C157: EN | D157: Joe | E157: Mail | F157: Z:\Produkte\Texte Web, Marketing, etc\deutsch\2025.01 | G157: 45678 | H157: 45684 | I157: 45688 | J157: =IF(_xlfn.XLOOKUP(B157, ABZ!A:A, ABZ!B:B, "", 0) = 0, "", _xlfn.XLOOKUP(B157, ABZ!A:A, ABZ!B:B, "", 0)) -> Corporate Communications
A158: Einladung_MWC_2025_v2_de.docx | B158: BAl | C158: DE | D158: Franziska | E158: Mail | F158: Z:\Produkte\Texte Web, Marketing, etc\deutsch\2025.01 | G158: 45678 | H158: 45312 | I158: 45678 | J158: =IF(_xlfn.XLOOKUP(B158, ABZ!A:A, ABZ!B:B, "", 0) = 0, "", _xlfn.XLOOKUP(B158, ABZ!A:A, ABZ!B:B, "", 0)) -> Corporate Communications
A159: Einladung_MWC_2025_v2_de.docx | B159: BAl | C159: EN | D159: Joe | E159: Mail | F159: Z:\Produkte\Texte Web, Marketing, etc\deutsch\2025.01 | G159: 45678 | H159: 45313 | I159: 45679 | J159: =IF(_xlfn.XLOOKUP(B159, ABZ!A:A, ABZ!B:B, "", 0) = 0, "", _xlfn.XLOOKUP(B159, ABZ!A:A, ABZ!B:B, "", 0)) -> Corporate Communications
A160: WhatsApp-ES.docx | B160: JWg | C160: ES | D160: Helena | E160: Mail | F160: Z:\Produkte\Texte Web, Marketing, etc\spanisch\2025.01 | G160: 45678 | H160: 45678 | I160: 45679 | J160: =IF(_xlfn.XLOOKUP(B160, ABZ!A:A, ABZ!B:B, "", 0) = 0, "", _xlfn.XLOOKUP(B160, ABZ!A:A, ABZ!B:B, "", 0)) -> Channel Sales
A161: Händler Newsflash DE 02/2025 | B161: AGi | C161: DE | D161: Franziska | E161: Mail | G161: 45677 | H161: 45678 | I161: 45678 | J161: =IF(_xlfn.XLOOKUP(B161, ABZ!A:A, ABZ!B:B, "", 0) = 0, "", _xlfn.XLOOKUP(B161, ABZ!A:A, ABZ!B:B, "", 0)) -> Channel Sales
A162: 20250121_PA_4690_DRAFT.docx | B162: PWi | C162: DE | D162: Franziska | E162: Mail | G162: 45677 | H162: 45679 | I162: 45680 | J162: =IF(_xlfn.XLOOKUP(B162, ABZ!A:A, ABZ!B:B, "", 0) = 0, "", _xlfn.XLOOKUP(B162, ABZ!A:A, ABZ!B:B, "", 0)) -> Sales Marketing
A163: 220125_Script_FRITZ!Mesh-Set4200_Hutz_NG.docx | B163: Ngo | C163: EN | D163: Joe | E163: Mail | F163: Z:\Produkte\Texte Web, Marketing, etc\deutsch\2025.01 | G163: 45679 | H163: 45681 | I163: 45681 | J163: =IF(_xlfn.XLOOKUP(B163, ABZ!A:A, ABZ!B:B, "", 0) = 0, "", _xlfn.XLOOKUP(B163, ABZ!A:A, ABZ!B:B, "", 0)) -> Corporate Communications
A164: 220125_Script_FRITZ!Mesh-Set4200_Hutz_NG.docx | B164: Ngo | C164: NL | D164: Marion/Angelique | E164: Mail | F164: Z:\Produkte\Texte Web, Marketing, etc\deutsch\2025.01 | G164: 45679 | H164: 45679 | I164: 45681 | J164: =IF(_xlfn.XLOOKUP(B164, ABZ!A:A, ABZ!B:B, "", 0) = 0, "", _xlfn.XLOOKUP(B164, ABZ!A:A, ABZ!B:B, "", 0)) -> Corporate Communications
A165: 220125_Script_FRITZ!Mesh-Set4200_Hutz_NG.docx | B165: Ngo | C165: IT | D165: Cristina | E165: Mail | F165: Z:\Produkte\Texte Web, Marketing, etc\deutsch\2025.01 | G165: 45679 | H165: 45679 | I165: 45681 | J165: =IF(_xlfn.XLOOKUP(B165, ABZ!A:A, ABZ!B:B, "", 0) = 0, "", _xlfn.XLOOKUP(B165, ABZ!A:A, ABZ!B:B, "", 0)) -> Corporate Communications
A166: 220125_Script_FRITZ!Mesh-Set4200_Hutz_NG.docx | B166: Ngo | C166: ES | D166: Marta | E166: Mail | F166: Z:\Produkte\Texte Web, Marketing, etc\deutsch\2025.01 | G166: 45679 | H166: 45681 | I166: 45681 | J166: =IF(_xlfn.XLOOKUP(B166, ABZ!A:A, ABZ!B:B, "", 0) = 0, "", _xlfn.XLOOKUP(B166, ABZ!A:A, ABZ!B:B, "", 0)) -> Corporate Communications
A167: 220125_Script_FRITZ!Mesh-Set4200_Hutz_NG.docx | B167: Ngo | C167: FR | D167: Marie | E167: Mail | F167: Z:\Produkte\Texte Web, Marketing, etc\deutsch\2025.01 | G167: 45679 | H167: 45680 | I167: 45681 | J167: =IF(_xlfn.XLOOKUP(B167, ABZ!A:A, ABZ!B:B, "", 0) = 0, "", _xlfn.XLOOKUP(B167, ABZ!A:A, ABZ!B:B, "", 0)) -> Corporate Communications
A168: Das Genie hinter FRITZ-de.docx | B168: Bal | C168: EN | D168: Joe | E168: Mail | F168: Z:\Produkte\Texte Web, Marketing, etc\deutsch\2025.01 | G168: 45678 | H168: 45685 | I168: 45688 | J168: =IF(_xlfn.XLOOKUP(B168, ABZ!A:A, ABZ!B:B, "", 0) = 0, "", _xlfn.XLOOKUP(B168, ABZ!A:A, ABZ!B:B, "", 0)) -> Corporate Communications
A169: KA 6850 4G fehlende_texte_DE.docx | B169: OSt | C169: PL | D169: Yabylon | E169: Mail | F169: Z:\Produkte\F!Box Kurzanleitungen\international\FRITZ!Box 6850 4G\2025.01 | G169: 45679 | H169: 45680 | I169: 45680 | J169: =IF(_xlfn.XLOOKUP(B169, ABZ!A:A, ABZ!B:B, "", 0) = 0, "", _xlfn.XLOOKUP(B169, ABZ!A:A, ABZ!B:B, "", 0)) -> Technical Communication
A170: 6820 LTE-de-it.docx | B170: EUL | C170: IT | D170: Laura | E170: Mail | F170: Z:\Produkte\Texte Web, Marketing, etc\italienisch\2025.01 | G170: 45679 | H170: 45688 | I170: 45686 | J170: =IF(_xlfn.XLOOKUP(B170, ABZ!A:A, ABZ!B:B, "", 0) = 0, "", _xlfn.XLOOKUP(B170, ABZ!A:A, ABZ!B:B, "", 0)) -> Corporate Communications
A171: 94137_en-GB_fritzmesh_wi_fi_set_4200_2er_20250123-112836.xml | B171: CST | C171: EN | D171: Joe | E171: Mail | F171: K:\Online\Online-Redaktion\2025\avm.de\Produkte\Mesh Wi-Fi Set 4200\Mesh Wi-Fi Set 4200 (2er)\Export | G171: 45680 | H171: 45684 | I171: 45684 | J171: =IF(_xlfn.XLOOKUP(B171, ABZ!A:A, ABZ!B:B, "", 0) = 0, "", _xlfn.XLOOKUP(B171, ABZ!A:A, ABZ!B:B, "", 0)) -> D2C Ecommerce
...

Sheet ABZ
A1: ADo | B1: User Interface & Clients
A2: AGi | B2: Channel Sales
A3: AKh | B3: Corporate Communications
A4: ALb | B4: User Interface & Clients
A5: ALp | B5: Corporate Communications
A6: ALe | B6: Channel Sales
A7: ALi | B7: Finance
A8: APa | B8: Sales Marketing
A9: ASr | B9: Provider Sales
A10: ATc | B10: D2C Ecommerce
A11: AZe | B11: User Interface & Clients
A12: AZi | B12: Product Management
... A127: Csa | B127: D2C Ecommerce
